g,h
37.66008,77.33019
1.465947,14.78137
4.85712,-16.88504
-15.28865,-6.25008
-95.64304,9.43208
40.87215,-.0253247
-92.04757,7.890854
80.66066,-1.450735
-48.7125,-20.00178
8.308838,18.57843
31.65947,-62.17727
32.33004,28.23883
-40.79657,-2.443501
-69.84858,-3.772758
-190.2047,4.180404
239.7205,30.06438
-80.01373,.3835677
72.20995,11.60085
17.60771,-28.2253
-41.88267,23.84941
41.68115,-7.783049
2.110343,3.71197
-24.95142,-12.56442
-18.61291,1.459759
-9.803202,2.899579
186.9559,-6.786893
-166.3905,-13.9008
77.39452,14.13245
-419.7563,63.45032
-7.679809,3.220765
-1.53602,.9858731
-6.542161,-1.789979
-17.64698,-1.283765
6.626208,-.6499198
6.434503,2.853269
10.0604,20.80898
17.7018,4.871138
-14.10766,.6281779
-24.7651,-34.0982
9.878049,-.9107649
-8.732496,4.702738
-8.643097,-5.771966
11.41192,4.388738
1.052549,6.66182
-8.655705,10.80908
20.42382,-27.9271
-11.27573,18.3999
2.829314,4.184537
15.50748,2.32165
-6.0892,-14.67958
-34.887,17.08073
-.6603259,-40.16158
53.68934,39.78323
-14.9468,-37.63239
3.474547,56.46448
31.04342,7.164269
-11.40437,-5.41233
-20.35981,-19.06874
-19.54771,41.7534
-14.61714,-31.56654
.3137497,5.090101
-4.948061,27.50387
33.73352,-12.80107
18.63159,7.93572
14.98871,-4.960447
-20.07957,4.448676
14.15028,-6.056417
-7.170529,3.115386
-41.1236,7.385047
-16.03205,.7854497
38.77544,3.81721
3.008592,-8.016872
-37.1791,3.326764
49.28945,-.0793278
-1.025209,-1.789635
41.01509,10.62343
32.70164,2.356426
-3.028366,-14.97353
15.69216,-19.071
13.8633,24.89306
30.85492,3.358745
-17.97832,1.599083
13.83473,23.53725
10.03266,-23.65342
5.238338,5.67221
9.177503,-5.902192
2.305061,6.58986
-17.8976,-10.32328
9.880082,-2.608531
.5445612,1.327241
-7.146488,-8.420692
-3.816673,-3.2161
-1.127757,-1.026168
-2.93269,9.835387
17.36576,1.071702
-10.50225,-14.08133
-9.385849,2.921828
1.082923,1.448882
22.12459,11.92161
-27.16667,-8.024033
6.480556,-11.63323
4.803033,-8.513819
2.78817,19.48469
.4052847,-12.28386
-1.322542,9.919218
-9.817301,-5.339255
-.2595721,-7.082948
4.655655,-3.435565
-8.314156,-12.73364
12.63547,9.821954
3.274858,-12.43273
-11.27241,11.77307
-1.739454,-38.30617
-2.751122,29.08418
-2.101379,3.335511
.8219858,3.522051
83.80093,43.43574
-54.93378,94.65958
68.40527,-19.36229
-11.20645,2.721797
-26.35406,-17.26085
-2.107296,-15.3015
-5.432195,-4.68948
-11.98601,10.80244
.2473564,-9.385295
1.639524,-.8017245
37.42498,.5611004
-119.2452,9.006103
72.61813,-11.88974
-8.979551,2.804524
-20.33005,-5.5098
-4.390762,-1.125866
-24.45931,-15.04032
34.63248,4.418813
-8.102653,9.856072
-.9713255,-21.48211
4.200935,2.938745
3.891728,-3.941062
15.09274,8.398131
4.133624,27.13047
7.38318,-26.39259
2.542232,4.274292
-5.665596,-3.555265
-7.832353,-14.89672
1.383552,16.04465
-14.80933,-2.563143
15.35876,-8.549235
-9.604582,-2.047898
-2.674468,24.88519
10.32301,-18.55547
7.339447,8.317232
-2.329798,19.25237
-4.135829,-5.29101
-3.03652,-3.15788
-7.517506,-16.49147
2.30887,11.90217
.3131759,-219.8651
13.28586,220.5462
-9.761087,4.838898
-5.870276,-6.236401
-6.759634,-6.203129
-2.532017,.2381312
-1.516467,3.735117
.3035274,4.041349
-12.57422,-13.09354
4.969817,3.021118
-2.338627,15.64353
15.99808,3.686012
-6.875798,-11.4869
-14.66105,-9.699083
9.568253,-19.07796
7.473519,3.918546
8.571317,1.368328
5.89407,3.932973
93.27824,124.3972
-48.73465,-36.10645
30.06482,12.89185
38.13741,39.40903
-11.09663,19.31463
-3.346718,-7.735741
.1616567,-60.58289
-29.5471,45.95811
-77.49047,-2.262257
80.59668,-4.138008
-6.297042,1.549194
-37.79752,-1.122406
1.979181,-22.20538
46.19582,1.137784
52.32492,.347283
-72.33249,-15.66693
10.87285,-2.616685
-50.22017,9.829093
72.79552,1.76793
-43.71879,-8.537557
44.1675,10.70235
-67.71872,2.4007
62.74987,12.05999
-49.37633,6.014787
4.796259,-15.8245
7.825785,-24.15908
-4.022845,4.700493
2.987664,5.565064
5.245895,2.734677
3.808218,7.495632
23.2665,.9858731
-.8810251,22.3917
-1.084238,-3.699584
1.297079,-2.884907
7.927068,2.907534
3.161115,-13.36985
-17.57799,6.76371
2.93997,-4.784582
-10.30698,20.28834
-6.414989,-14.73872
1.803555,-4.912129
-.0253276,-.8523524
4.320893,.0773789
1.510979,1.365266
-3.707413,2.667539
90.35582,84.37616
-48.29156,-68.49842
31.50698,1.923839
6.13387,2.767995
-4.62932,3.204556
-4.999152,-7.184255
-17.19504,-51.48726
-62.79981,10.00999
24.18548,-5.738924
2.422207,-2.241196
-37.64854,-1.527122
-5.877032,11.38722
5.695762,14.25356
35.43108,-6.968297
-15.10791,-89.43771
-8.83379,3.34851
32.8735,49.70553
7.332119,4.704299
-22.13897,-19.81774
22.80615,19.0393
3.661883,-14.72455
13.37949,-12.69385
29.28262,24.74811
-30.77568,1.621019
-8.3471,-1.982913
-8.257701,-8.621395
18.73078,-30.55286
-37.26574,28.76508
22.20956,-2.109813
-11.90124,9.875946
3.873263,-.5230556
7.6883,-5.944925
3.432908,25.10527
2.282576,10.07323
-32.58333,-22.37953
-29.38658,-13.47479
36.27642,5.274399
-19.64724,-.3069355
5.869842,-2.323447
.0276664,-4.459794
17.72672,10.99237
-16.69712,-1.388049
19.3426,44.50348
49.04666,-40.23324
3.165332,-19.50383
37.80695,-31.22397
-44.31418,53.95502
6.553818,-13.41602
-12.05297,17.06349
50.65624,-47.55354
9.592031,-.0816265
-79.27905,30.04015
55.89364,-35.89837
-14.05,15.14506
1.457133,-40.2313
17.28047,-5.987064
20.15043,-14.14257
-9.072009,-27.89063
9.6208,36.65618
-23.73344,1.951753
-2.192166,-3.643007
-13.51983,18.58933
4.005777,12.64913
10.25255,6.727247
8.019776,-42.45598
5.236515,-16.21872
-18.97387,19.5034
.5309973,-7.274724
-6.058048,17.98368
12.49134,4.924264
1.695025,13.1128
1.499582,3.125506
24.70164,-3.190454
-68.89438,-24.23662
30.12766,31.59536
41.90539,.1965958
-12.72669,-2.053899
-32.33191,-4.850478
-.9433983,2.216904
19.25001,-22.05667
22.24104,14.56182
26.12414,11.82138
-7.818593,-17.48527
5.176957,-7.017157
37.11757,11.36907
-13.174,-3.489872
-38.43091,-8.911438
24.59959,-3.407727
23.641,-1.56661
-89.73832,-6.102561
-64.72997,29.46976
-22.82792,-1.314532
63.3286,3.432539
17.14704,-17.63355
-122.3525,6.497902
66.58376,-4.250068
1.153287,-16.22232
91.66839,.7345826
-85.15297,-13.6756
13.67727,5.068181
-43.51947,14.40386
-8.831576,-38.40719
-19.17073,14.76634
-10.0591,-28.77671
19.46864,-7.521756
9.535819,7.443872
-22.81737,17.4455
41.59483,-9.136141
-9.060117,7.495419
-3.666975,-13.64816
-10.95981,-.2886734
-3.192395,-4.225625
9.776348,-7.829319
-10.208,4.610415
21.36754,.5943499
-1.073255,1.659662
-4.613302,-1.819253
-4.33594,1.941696
41.64809,1.607674
-33.35528,5.572105
-14.0294,9.342609
2.72869,8.767279
.6529793,-22.86467
9.187605,1.77418
25.10847,3.500988
-23.53311,-.5969407
23.04862,7.418719
-7.845452,-8.458298
-15.9809,1.590472
-2.92454,-7.00118
-13.90742,6.5402
5.027729,-7.637864
4.616202,41.90744
8.469142,-42.03543
-22.17813,11.8589
10.03424,10.01697
8.754597,-12.20201
.5255522,27.56918
-2.927618,-38.11586
-8.032603,.80998
.3646809,-.9065402
-17.74027,-.8031157
3.803685,.2587683
11.03131,3.220607
-2.600205,-14.73658
-6.402582,4.071802
-1.576506,.0446484
.275984,2.259596
-.7943987,-5.763504
.6299251,2.939655
13.08324,4.392898
-9.788208,2.395208
66.70297,8.353835
-60.00131,-3.574792
-5.165558,-5.613535
.8376306,-.777033
-8.231382,1.551766
-17.08173,-124.4221
20.47277,13.24141
-6.452092,1.364608
-47.05788,-39.82789
23.40939,18.2479
13.21083,28.58545
-18.72989,-17.97311
-13.98748,-15.22709
8.614465,-4.541031
13.54782,22.27103
5.829861,-5.777468
-10.95981,4.999744
-.9875081,-11.1527
-11.47582,-12.42649
5.714019,1.747234
-1.999711,.9983909
11.39529,6.677068
11.05878,12.4961
3.546956,4.72107
-13.53496,-12.80288
-15.7767,-8.556924
9.93329,9.947272
4.508043,-4.487224
12.30269,30.39314
5.336786,-18.19852
-11.27241,8.901152
18.51369,20.7336
43.20218,35.48053
-5.892022,-27.31701
-13.85346,-20.99019
2.816218,-11.15718
-11.86786,8.015237
-4.250877,-12.15568
2.558513,19.29967
-10.44976,-10.34874
11.80361,9.807279
-1.49794,-9.281638
16.94899,-2.332699
-21.51721,-4.476964
1.971771,6.878657
-11.3143,4.309755
.4539942,2.16336
5.246725,-35.45613
1.925158,24.66677
30.15536,16.10893
-24.32357,-14.57848
-17.5524,7.159422
13.37826,7.088176
2.802056,-6.194792
18.32904,17.36537
7.687885,-16.49756
3.495461,22.31962
-10.24368,23.57116
5.201838,19.88975
6.944914,-10.75669
37.33725,-10.38557
-25.98031,-11.71972
-39.28321,18.39243
18.86051,1.763934
7.517167,.9268362
-10.82503,3.572231
.8827693,-12.39715
-1.111435,2.558689
16.82638,8.204359
10.10399,-.0023665
18.12619,2.888109
-.9842799,25.89375
-2.782819,-27.69774
.507071,-9.205062
1.145483,27.02394
13.90864,-4.398678
-3.29254,-26.01872
5.360741,13.64747
-5.817556,5.104043
22.43613,9.15907
-6.956131,1.478618
-5.967719,-17.69396
-4.791338,16.24257
6.851378,-4.807249
-4.033485,2.236836
26.33788,6.037476
-1.897972,-6.710666
16.58743,1.2903
-32.48986,10.89404
16.57349,.3153799
15.53387,8.118065
-18.35268,-2.754933
-9.071069,6.822357
13.95887,-2.743038
-8.530427,21.64758
-9.595058,-24.00778
1.454296,16.27492
-296.4657,-270.9137
220.8925,167.1206
32.58055,88.37392
19.34861,-5.366602
-25.12073,-.1454508
18.07583,1.556756
-3.342351,-17.91035
5.261935,25.6341
-6.985063,-9.613295
-35.78806,7.126122
16.61784,-11.88019
-18.53794,3.285408
15.52638,5.017198
3.932351,-13.40448
-13.14956,24.91683
35.97656,-7.546148
-182.2104,-126.9072
176.8373,131.1833
-1.702157,10.17575
13.50426,2.927261
-182.7147,-179.5224
137.4475,147.3356
-7.312571,-.8124322
10.49926,18.25185
-51.24814,-66.03204
2.65203,-7.811042
-18.72647,-35.68204
-.4224144,-5.879687
1.684069,5.078896
.0212032,33.07597
24.08027,-8.057105
-11.65426,-19.23531
-10.74144,-4.922322
5.775443,16.80652
-19.25932,-34.5168
1.329962,2.713217
3.464454,-1.904256
-14.05525,.7563711
12.15136,13.6154
7.2371,-16.85507
-2.729504,27.42647
1.801649,1.095614
6.584479,-4.376083
-9.518665,-13.8837
18.02074,4.821563
-20.79515,-9.909626
.5273456,13.60965
-6.493591,-5.818757
3.528442,7.989694
-4.88599,-2.060463
-12.13345,-24.26236
1.993181,5.416782
8.846251,1.962999
-.0071476,11.25291
5.109142,-.9740319
22.67457,42.20969
-211.4382,39.36615
197.2768,-10.33949
16.47718,-40.21674
50.80313,-12.25076
-43.27268,16.16951
-52.25399,-35.41297
40.553,57.86489
-22.15955,-20.94402
-10.58538,-16.38855
26.60187,-8.387718
-85.06335,-23.78361
55.68175,27.60599
19.54893,-28.66055
-93.0969,-24.67241
35.13863,48.36854
52.02861,-26.79832
-71.06741,8.36704
24.97423,-6.109169
-7.916258,41.83126
-13.0028,-24.39022
-1.228919,3.099301
-22.75293,-16.61867
-54.88094,24.12068
88.23719,16.19192
-39.93942,-93.49449
-57.51649,60.15901
236.7444,-13.27109
-19.57992,-21.69616
-16.06172,-11.93732
18.53985,27.31812
-30.34685,-4.847714
.3210517,-29.27496
66.74677,19.06124
-17.41405,-5.060586
-15.67208,-5.928642
18.37595,14.05031
-33.98779,-14.72394
-9.407207,2.286277
21.54955,4.626139
15.14611,15.00659
12.95915,58.03638
-32.13059,-45.03442
-9.033972,.8030181
18.02562,.0546935
-25.91892,14.56431
-12.01725,-11.9849
-38.9878,-13.89862
62.15627,4.472595
-25.0041,21.46247
-6.259915,2.441556
-16.9078,-10.60932
198.0894,10.45157
-54.40295,-12.40212
-52.56339,11.8163
36.28663,-.4024445
32.76015,7.652934
38.30111,-24.59481
-52.58036,14.56221
-15.36516,-15.73869
-113.7395,-89.68126
56.16719,23.07072
36.92365,35.07028
-3.624148,-3.124726
-12.16026,-14.50031
11.65964,12.20883
-12.06606,-12.86697
-2.263118,1.420871
-3.080779,12.20402
4.501382,-16.40825
-5.525824,-1.937857
-.0027019,-1.367503
.8615065,-4.129661
-6.6728,-14.84987
-.9544539,.407548
11.30953,18.19623
22.93045,7.729745
-4.408136,-19.57737
.3957905,2.165615
-118.534,-98.82125
115.4268,103.7681
-15.53968,-15.05829
6.802627,-4.646813
13.47833,-1.68454
-9.989781,-2.67868
3.880428,12.69121
8.83234,20.27583
-31.2562,-28.38448
-16.27485,-2.38714
-1.083034,-5.875734
3.981091,5.103854
8.041551,-7.077301
-9.3552,8.670383
17.96845,3.207011
-7.97796,-9.809449
-32.3384,-2.292611
23.76874,2.567178
10.2953,29.59395
3.147164,-32.22697
-3.860333,2.114109
.3360049,-5.825992
6.661944,9.98062
-5.598417,-3.259828
6.092826,3.150973
-15.34341,2.785913
6.351498,-2.682215
6.274056,-1.67446
-17.77563,3.578812
2.073394,-20.53157
.4088851,1.552225
-14.27565,37.79052
24.67369,10.22579
-6.861132,-11.31308
-8.2293,12.08782
12.92943,-4.496505
40.46552,82.9928
4.058703,-5.690608
4.895366,-51.57883
-6.186425,-1.822645
15.1521,-18.00391
7.327323,-2.73612
-3.546569,-.5821643
-22.16066,-22.23865
1.667831,19.54022
-37.46549,-45.62183
47.60502,52.32565
-3.237503,-12.60642
-8.595346,-21.15598
11.47224,4.906002
-61.48701,-59.31774
53.35618,121.5887
-17.67617,-8.429535
2.748343,1.269574
-48.28006,-28.45963
31.13981,41.64151
31.5379,-20.99544
13.69969,16.1071
-12.79647,-24.64308
49.47731,1.554113
-48.30222,20.75945
-.5307694,14.0008
2.76405,4.228168
1.250921,-38.53346
6.351791,8.575685
93.5694,81.63894
-16.5517,-55.99857
105.9485,112.526
-11.98608,-10.17962
-2.525415,.5563177
12.83391,47.3198
-7.797009,-39.00016
-6.092632,-15.25943
-.9026601,6.259342
2.426642,-6.466017
-21.4189,-1.170205
-1.89925,9.187573
-2.639731,-18.38926
20.77694,-6.166471
7.851613,-3.483532
-12.84604,3.741967
11.66358,-.9595353
9.273984,2.675991
-23.11595,-5.93798
27.21033,11.38102
-14.65587,2.51196
-7.120264,5.404263
21.68998,.3171098
5.269949,1.013622
1.110693,-2.816989
-8.795136,-13.56591
-10.08598,-13.8394
-7.28948,14.92095
10.22898,10.31125
-1.456155,9.631899
-7.439673,-6.562929
-7.007405,5.206677
-5.757628,3.811163
-8.707193,7.634685
13.90359,1.916494
3.428138,5.30414
.4365392,-15.11021
1.21579,1.1768
5.108088,-3.120025
-10.18902,-4.94357
4.620642,7.665698
3.135206,-.7677031
-3.095601,-6.401671
25.3414,12.69813
-6.374238,-1.647194
15.91177,-8.094212
-46.31733,10.63843
50.38723,4.749612
1.531288,-6.476333
-2.649057,1.184285
-33.29501,1.516883
7.011387,26.92464
15.56979,-12.30437
14.68181,9.861501
-55.27744,-14.89158
23.22186,-15.1959
-7.862988,1.551766
-104.5861,22.20977
15.24217,14.81259
8.831086,24.79072
-4.917225,-22.39044
-2.864552,-5.613547
-3.513131,-12.07924
-2.85207,31.8553
-4.456457,-18.0573
-.4509729,-11.54623
-4.415772,-3.983556
1.843401,9.281655
30.59173,-17.0584
-22.28663,6.366659
2.566231,-11.35597
-5.261067,21.43189
-1.999711,4.906682
5.957797,-21.92131
-.6570412,4.598529
-117.2323,28.26911
65.31078,6.341109
-4.955346,10.38571
6.111169,8.446628
-28.50694,-6.498835
-62.29628,-35.68118
105.44,22.73249
6.959743,23.72625
13.67514,-46.6763
-36.40025,20.59794
9.234982,-1.058857
.377415,12.70457
.2715436,2.514001
11.00023,2.853167
36.84205,5.657938
-40.64834,-1.808163
-4.321263,3.779949
-4.51297,-5.007573
9.262351,13.34381
40.12619,-9.598861
-49.48138,.9594353
12.39277,-23.23067
-4.924609,9.649902
9.088239,2.099286
-.5615969,-9.244451
2.2378,.2356181
5.825614,-7.152433
2.930945,22.45991
4.677722,-13.37119
.8291604,2.102362
-7.977081,6.22167
52.91149,-19.47222
17.939,17.54435
-87.27802,-28.95219
.1331034,33.64439
4.431046,-26.81637
11.01469,39.09212
-2.99308,17.93164
-47.14481,-42.68608
-39.20867,38.37888
11.54388,-16.09137
26.77888,3.209067
-26.07256,6.880799
15.85019,-23.76347
-2.732208,-6.048374
16.4575,5.253451
-13.05393,-2.972157
-8.365003,7.973364
8.383878,-8.952135
19.74333,16.28673
-8.057451,5.337009
-13.29881,-13.05805
-6.043865,-1.63499
-8.466432,-13.10452
-6.835076,5.120056
10.44817,-4.665038
9.403669,6.572414
4.41723,16.94789
-9.107904,-20.25593
-14.78308,13.38866
-5.726138,-6.096907
8.170754,10.52739
-3.494815,-7.137492
19.20871,14.57501
.8897159,-10.25934
-20.21101,1.123479
7.599824,8.387897
9.108009,-1.510784
-1.638146,4.985285
-6.845875,1.138526
-21.93738,-14.8047
-7.955522,-10.56124
7.418102,4.448193
-29.66685,22.3069
16.54262,-7.510947
6.386058,13.67184
17.60051,-9.578449
-7.091664,-1.063754
17.08407,-69.23399
-2.728283,18.33843
-50.56763,-35.48383
49.41726,24.59425
-8.475197,20.72668
16.38555,-2.151102
11.07507,12.96546
8.389054,-27.20667
-36.24514,-4.295119
-206.5357,-118.012
144.5254,57.80186
-16.15274,68.03705
28.10458,8.914262
-6.446852,-9.274765
-2.67054,-3.195671
5.217419,-17.22787
-3.304006,19.38323
-3.052647,13.429
-421.5677,9.208426
521.9899,-13.43209
-16.69772,-11.28737
23.48989,2.805712
-.6261055,-1.217835
-9.604582,8.467983
6.026669,-15.35585
-11.99134,-3.052533
19.40225,9.066183
-4.861579,-.0086268
4.661048,-10.59339
-12.91449,.5925599
15.87794,.6970712
11.73994,1.418714
3.398422,24.89167
-4.429982,-17.35552
5.973494,-7.600347
22.28838,17.15533
2.9859,-14.98705
15.52638,18.47029
12.63349,2.885869
10.1504,-10.0992
12.19927,-2.865653
35.7421,-7.306716
23.71448,34.98067
2.601246,-25.57341
-.0438734,17.69086
-7.182888,-12.55462
39.19338,6.970422
6.335771,-2.192519
-11.43274,2.600376
-50.14826,5.856109
2.033704,-15.65077
-2.573138,-5.5477
-6.627316,12.03488
-11.01072,6.773894
-.3006212,-33.53128
-6.041839,-7.60624
14.84583,28.84542
-7.538623,-13.24947
-5.655883,-2.792239
15.56764,-.3145089
-9.803625,2.750615
1.183918,-6.416494
.4434366,6.170618
29.92257,.2772761
-44.69402,10.22263
16.6442,1.50292
2.683952,-6.198235
7.688439,-.7477888
4.761168,1.323223
-8.509324,-1.649467
11.08948,-18.92636
-15.49404,20.76236
-1.050342,4.142252
5.614491,-5.540781
-3.295398,6.70129
3.718222,-2.801896
2.529757,5.593945
-4.370762,-.6940658
5.831751,-4.723745
39.99606,-22.39581
2.909699,-2.975407
-10.80076,-3.531344
-7.534783,-2.371407
-18.97442,1.185093
-10.52215,-3.822824
22.75044,.2393197
-8.801148,.4061405
-10.86185,-3.183839
-12.06606,-1.980021
-6.391116,-.7942207
-7.824751,17.80009
-2.803585,-9.181616
-4.642816,-2.210665
-7.867014,.2778166
1.397701,-.3313926
-5.914376,-2.283736
3.563702,-.0178399
2.703877,-1.522665
-5.943633,-5.009213
-12.10424,11.82903
3.983794,-14.51119
-109.5469,-116.7785
46.46985,109.4978
10.05366,-1.168824
8.093433,-6.63724
8.323464,-7.163736
2.794936,.0771428
8.920813,2.487626
1.023273,-12.58961
-.0563041,7.422308
4.91362,-7.293423
-10.59687,8.406792
-5.803802,-13.598
-4.486945,7.40484
-6.001842,3.401364
4.031353,-11.14918
.7487282,7.491847
-7.793622,-13.06149
12.30122,18.16258
-3.038886,21.79948
-12.10449,-14.65625
-38.10667,-1.676934
-22.76766,1.181829
-52.77452,35.07004
7.145693,-20.49232
1.663597,11.72696
18.01719,2.602475
38.09406,-9.604812
11.86227,6.94319
-37.25093,-2.588626
-7.714351,-15.60716
5.391935,2.927261
-6.311936,-6.800331
-1.351677,-21.1799
-140.9999,12.87976
-4.70176,-42.85023
113.1679,-249.7256
-12.11157,-4.21264
-5.870487,9.153565
-25.09353,-.4729652
30.01868,-15.96459
1.021113,-5.577662
76.11421,-5.045575
-63.79184,39.5845
12.65635,-22.93512
18.79051,20.13137
12.3327,-9.424942
-.2226457,-38.32611
.1196612,38.65973
-2.788948,-11.13152
-37.57622,8.419182
-5.072409,8.882256
-25.12769,-26.84163
2.759787,3.470641
12.61273,5.567074
-.1676355,-5.162044
-36.0964,-5.715549
13.91135,9.406556
-7.907868,14.33356
22.5103,-26.65564
-181.6572,17.14321
170.4259,1.194267
-16.06302,-2.975826
-7.864801,-2.319505
6.029534,-19.61243
14.4368,2.473426
-13.45512,-70.01372
41.12987,39.4735
-28.15402,-61.9076
8.401295,35.45821
-3.127872,84.88843
6.939081,-77.97886
-7.080664,-21.11327
-27.74482,-17.99837
62.89205,53.90968
-4.94064,-.2963143
7.172176,-16.00609
-3.348902,16.08661
-8.615847,14.69516
10.5612,-20.71941
-35.86413,-.8359863
25.81194,4.09797
21.47645,-14.25754
-7.368761,-13.67792
-5.448144,14.57804
23.46803,33.07479
-39.55115,-50.74816
27.4088,16.61665
-23.185,20.43937
-18.81126,-41.2371
-62.12673,-2.924495
46.28596,35.33371
8.809647,-12.89599
-19.17208,-18.33519
12.55873,30.68072
5.267743,-3.455289
-13.12676,2.721841
2.15391,.1468143
-4.167925,-4.122707
3.367416,7.009181
-8.123953,-12.66041
1.981296,9.805037
9.431006,-8.476981
5.736669,-3.640253
-6.132722,.6513758
2.761166,-3.553667
.3618878,.0707066
-61.75962,-5.672107
.7312059,1.380358
56.65693,3.563713
-2.509099,-.899118
6.716181,9.858344
-9.832021,5.63412
4.186484,-7.569394
5.095221,-17.58766
-6.78819,11.62752
-.8972661,-5.67072
-10.28955,4.272572
15.8572,6.632909
-.2649,12.04075
-2.510087,-14.72504
7.011598,-3.75807
-9.770634,1.572736
5.90677,19.80367
12.00249,12.07144
-3.490871,-2.504355
-.3338304,.627661
-7.411583,-5.086278
-6.527688,2.70551
9.76469,-4.835308
12.16088,1.847384
-11.5101,2.750192
16.34817,-15.10545
3.10944,22.84405
-1.622036,-4.089766
-22.99138,-.3652129
18.10643,-5.249384
-7.416287,-5.8475
6.381121,14.9255
26.62732,1.512522
5.107674,-1.256505
-14.41115,5.721557
-11.27354,2.927227
38.83664,-5.359668
-37.39483,-.7483112
-1.428138,-3.965675
1.003339,7.6985
-17.47549,3.661012
-6.950108,-12.06096
13.77429,6.177425
.2193557,-10.57741
-14.70716,2.921756
12.45014,5.770183
36.94901,1.410539
-14.51118,-18.18854
-5.419672,9.823189
3.123077,-9.23574
.3133075,9.014878
3.726911,10.12081
5.908848,2.142687
3.904969,-1.116594
-1.264787,25.25106
-2.69694,-15.89865
1.815231,2.649297
13.421,8.389574
1.214229,-22.80378
15.92977,18.99018
12.71061,12.8578
-5.21805,-11.72552
-15.78245,-3.78046
6.478969,1.434649
7.454058,-2.312135
-63.66862,21.02691
113.8018,-9.837447
-31.33521,7.401297
-12.18549,-7.084522
5.201838,-2.149751
-6.066449,-8.226491
15.14169,-2.853996
50.25838,11.16404
-68.84171,-10.10266
-45.78866,-62.72486
-10.99484,-4.638582
.9801939,-3.990278
-11.51683,3.372458
-10.57961,-14.14429
9.324353,8.989982
-41.87888,-12.55163
20.03398,8.493818
3.988233,17.4017
10.84347,-20.78237
15.59444,-3.213998
-16.41941,9.99417
21.80567,2.319889
-6.559688,-7.827854
7.283446,-.4176716
11.55442,-1.232282
-2.452167,2.043262
-6.402582,1.717483
-5.213271,1.517311
4.177649,1.495572
-.6754219,-3.782522
-6.158189,-1.143955
4.946056,3.714774
8.527246,1.935064
7.122816,3.984066
-7.516323,1.721268
1.929615,-3.811431
41.38322,-5.894821
-102.6758,-85.17906
-8.85871,-63.27517
-2.040832,8.769024
5.479019,-12.48764
2.071012,23.67241
3.688269,-7.081686
-4.366208,3.721997
1.436875,7.998542
-14.56116,21.22882
-5.907562,-2.256182
58.06748,16.29663
10.72348,-7.423665
38.96656,-4.185972
-18.66375,-2.923411
34.32495,-7.997841
-23.34729,3.728701
-23.91984,-16.39379
-16.30549,10.64072
13.7673,-2.066372
-38.37324,8.977027
-65.9912,-75.4706
-41.41725,6.055818
73.25659,4.534653
22.69011,-9.236801
-14.16367,-.0505652
18.08168,-5.974293
-3.046723,11.16977
-10.6507,16.26121
3.84835,-14.21054
-2.959831,11.17063
8.500234,-1.491622
8.297976,17.52934
-9.960652,-.3631409
-10.78308,-14.84132
-1.870417,-3.614195
-12.27887,2.034241
10.03722,17.48372
-38.40858,-36.54863
60.37666,43.85345
-62.21234,-14.9489
15.78354,.6615638
3.901657,6.437844
5.110964,.9885816
7.25729,1.704902
8.672265,2.988235
10.61448,.4039638
55.72184,-3.396314
-52.64099,-.107873
-2.900895,-1.461851
8.040443,2.639122
.9449095,1.737595
-13.37286,-17.17645
-96.4659,-86.60181
-13.84639,6.262108
37.10649,28.82463
-13.5976,3.531492
22.99384,54.70488
86.83953,.3235933
-43.86733,-54.94102
-76.42002,75.2504
40.08935,-23.313
6.618561,12.84395
11.20144,-4.881117
-15.08054,30.26829
-20.41196,-15.31744
-7.219849,-10.06889
2.562758,-3.608987
-7.2904,-11.92259
-5.476599,-16.67653
-10.7077,4.602715
2.991381,8.867189
9.055083,2.094228
9.406342,-10.52147
5.129659,15.38129
7.890831,21.12398
-5.910805,-18.3441
15.72056,16.75895
-5.04248,-.3430424
-10.53922,-14.0825
-7.623663,-17.72671
-.4502198,25.86884
5.292193,-.6743405
6.391605,-14.34166
.3595907,-8.035931
-15.7381,-44.12225
-236.6604,-82.9619
170.1826,67.3886
-49.76349,-19.90208
56.24548,69.28471
14.91742,4.550862
-14.02936,-22.24567
-25.91957,43.52185
57.11888,12.08864
-4.049516,-31.21557
-10.90755,18.22643
-11.28218,8.499915
-.0893671,-3.034148
-76.30599,-.141191
22.59671,-12.04148
22.36805,5.690531
-88.67533,6.98266
128.0594,-13.47033
-39.96046,18.05919
9.517019,-34.64635
65.0957,2.272976
.5935522,-9.488091
-30.37345,-3.391996
-5.160128,14.42505
-21.01509,7.733465
37.15392,-15.94479
-89.79344,.5996946
.146414,11.42226
53.20123,-5.275579
1.618585,.9400415
-50.76783,-27.84802
4.810297,1.868496
14.94999,22.94893
-80.99893,18.57545
-14.92831,6.78379
-4.312265,-3.368456
-1.266421,-.1060898
13.57606,1.923358
2.820277,-19.98577
-11.55541,-21.58633
8.387069,19.34572
5.138377,31.37759
-.1746393,-12.71717
6.013032,-21.62069
-14.49649,13.74142
-3.669074,39.39537
-3.144443,-33.50052
-2.169756,1.930671
8.229692,-.9687918
-.6971713,-3.45872
-9.773274,-13.54885
11.10674,16.93987
3.792253,-18.24126
-24.24098,-5.318441
-28.43956,-31.74139
4.311222,29.90841
21.88213,18.50871
30.98959,7.207284
-47.17757,-16.33135
20.96018,22.57545
73.01272,-3.928047
7.635919,5.209273
-101.4016,-21.47322
-7.504032,2.277893
20.31678,-2.511647
-9.731601,-6.911448
-5.173797,-1.884178
-11.77337,6.689173
5.387969,8.533475
2.363721,-2.226623
-2.733235,-4.925287
-14.09723,-6.326535
1.222647,5.593488
-6.719923,-7.740564
3.734799,16.4958
7.502647,-21.31961
-59.01329,-31.47475
48.69913,40.11879
-.0624723,-.3722172
15.23857,14.18102
-16.41221,-6.490515
18.59759,-43.41608
-1.19698,4.871365
4.458427,10.79742
-4.931838,6.096038
3.255125,-6.511146
43.34864,6.25866
-21.17818,2.679543
-13.92947,-17.23393
-7.844215,-.6877339
-8.006684,29.48371
2.077551,35.03095
-54.03614,-7.024125
9.483767,35.18777
13.94766,8.228172
9.338078,16.12265
-25.33907,-31.00882
-7.090832,-36.10316
-46.17888,22.34289
6.376975,-3.731187
.7472273,-15.55014
-1.812078,5.487599
48.26334,49.38503
-51.26508,-57.78093
6.327529,-4.033455
2.69374,2.817888
32.95369,15.22801
-5.728494,-3.747155
13.26681,19.53584
2.023065,-19.7137
-16.57597,2.008585
-35.81787,-69.96718
-155.3997,-45.96116
23.74678,57.37767
81.13419,1.85697
20.10731,66.14945
37.59432,-19.51123
-13.51491,17.0376
1.090946,-27.99593
-9.383585,5.534248
62.56363,.5017768
-6.728188,-2.39716
13.46457,21.53772
-25.07085,-30.58233
-15.30348,-39.27589
-23.46595,34.97746
-24.49834,-.9826656
27.40244,.5549039
13.47684,-7.605548
.3449236,.5312453
36.76474,17.20837
.9326602,-1.021287
-4.70519,-6.836287
-69.41687,4.331763
-54.87297,21.16293
94.37934,15.08964
-39.34711,-36.33633
-114.9673,-99.94553
-106.6709,-48.89236
243.7159,49.4306
-45.96064,77.44676
-84.00681,-68.80375
76.00934,81.03933
.5318099,-19.86689
3.127121,-2.507883
1.851943,-235.8742
31.52087,230.8427
7.3971,6.647215
-60.27984,15.37357
-15.80606,37.94482
-10.15733,2.20754
-10.05717,4.555411
22.14084,49.30403
-8.500911,-7.559115
14.02759,-20.26076
-17.05071,.3442277
-6.105689,-20.53429
5.337191,-35.45146
-20.69844,41.20502
4.590703,-4.688858
5.39734,-25.16101
-23.59875,-2.998876
3.577672,-12.15932
4.417692,5.109149
7.163229,-38.01018
-8.276064,32.67608
-13.16544,-2.502225
3.314064,37.9011
19.33036,-7.45147
3.447996,52.55198
5.361604,-28.62995
-9.386045,2.831601
5.545309,-99.22788
3.578124,114.7303
5.540875,-12.91289
-6.557201,8.600001
13.09988,-2.956545
-4.600398,2.570747
-.3400114,.5378827
.7353826,-3.841563
-8.691913,-11.05458
-8.022429,-7.964223
-4.915421,-4.800211
-13.29136,11.06525
11.02141,-2.658427
14.56885,11.2333
-26.27735,10.37357
12.48357,-22.63898
-18.12533,.7889123
4.464919,-1.700361
8.032955,23.75723
-16.36219,-27.34926
2.930184,10.93034
2.521168,.0573861
-.7728813,-9.275203
-.376797,-1.135679
2.005372,8.956171
1.474902,-8.897265
.0627987,-9.526046
-3.542969,10.46125
-.5785531,.6362789
3.025403,-4.549902
3.899424,-.5493092
-7.934978,-.0054137
-8.160531,-6.23658
-4.291753,2.470852
1.171427,.8757686
17.66096,5.782807
-11.77142,-28.98437
6.314769,29.34424
12.49609,7.600898
7.231242,5.26417
-23.71824,-12.29626
3.448366,2.777975
27.27332,-30.43709
-70.88925,38.34657
63.92155,-30.35324
1.006221,33.72406
80.24768,-27.70507
-20.59818,-10.48771
31.81603,13.56954
-23.61303,-33.85045
-84.68144,-3.44418
-79.16126,37.68058
-11.36898,-14.15623
-5.300654,-21.18509
-146.0322,-58.34286
119.3842,93.97399
1.003978,-8.65481
-6.083971,-25.42326
49.86238,25.00904
25.88088,21.2291
-89.79771,-36.7411
68.25439,17.06466
-78.2941,-11.42683
149.743,30.20623
-80.76766,-12.30636
31.36449,-16.6791
16.60253,18.93891
-9.219186,-53.15448
-9.789564,36.2059
2.871502,8.871497
-8.980565,3.425228
2.905032,-21.5784
-11.18164,-30.44276
20.24476,23.62102
-3.407693,-2.668659
-15.90486,3.634152
14.75146,61.44379
-10.99615,-28.46042
-10.17251,12.71275
14.89789,-10.72023
-3.232618,-48.54515
-.5951445,-24.92332
10.25737,83.96102
6.600442,-29.89205
-24.73955,-2.291697
24.90588,10.27656
.2752733,8.612057
-8.370872,4.650462
6.909448,-61.69622
27.46103,57.82646
-12.27618,-67.56924
-56.76226,48.57056
34.65238,8.735548
2.422622,-19.01076
47.06368,12.68136
-10.59249,-4.298725
2.059237,5.559149
-14.51786,-9.769251
-5.965558,5.986852
-11.67834,-7.783401
15.7102,-5.33543
-16.20937,-24.17325
-12.01803,-41.21095
33.79379,44.32269
28.66475,52.43652
-11.43027,-30.70176
26.95836,3.787608
-39.83664,59.03536
-86.59454,-31.04799
85.37415,-37.50288
-78.41508,37.37584
28.86143,-40.84311
1.479878,3.014737
12.53328,-1.8043
-8.332125,-8.933525
-10.90304,-16.60779
-76.27774,14.79896
33.17575,23.58942
20.44783,40.03528
-3.664053,-59.86409
14.73274,-26.21037
-16.98953,3.392956
-6.675977,20.17055
77.38964,110.2027
-70.99516,-21.08128
40.8265,55.04137
-91.88805,-63.07038
130.0688,64.93461
-.3182101,-2.800906
.510953,15.09808
-1.349677,-17.12893
-3.221262,5.178223
.4994075,-3.457464
32.38758,14.76915
23.08104,-11.36779
16.76991,-4.232628
-6.206063,1.548248
-32.41221,-10.58587
-15.10721,9.45228
1.076327,-2.596254
5.836328,5.357138
-5.56036,-25.44502
19.58682,17.0426
7.42319,10.9012
24.94128,-10.21654
-46.45524,1.342078
7.397022,-10.07941
1.678818,-7.182075
19.29454,-.934016
-37.50164,-2.193873
1.652982,-.2826113
15.93669,6.267098
-9.888229,7.030239
82.32977,98.44096
-10.08816,47.24617
56.42756,-29.52502
18.33029,-.9552315
6.909346,-1.897408
-132.1073,21.1256
76.65599,-7.436367
-85.71178,-16.18912
7.667846,27.65116
43.03272,-6.5569
43.75455,11.02343
-60.90228,-3.493896
65.42566,-1.644538
-72.14487,5.855278
31.25974,14.72777
-143.1497,-32.38887
166.6189,47.467
10.90294,-14.1413
-92.8299,-27.43078
-1.762818,14.11547
-35.64331,-8.870677
20.93934,-5.757005
45.39232,6.439233
30.35424,9.969349
-50.33189,-8.280403
82.35791,-23.37453
18.15365,6.795921
-9.852862,-30.64773
-24.56385,.5804701
49.43195,44.31503
94.84779,90.05548
27.19967,-62.44348
-.7644257,-1.978198
.0671858,-32.94783
-4.368024,-4.978031
-83.85514,134.6824
-52.26294,-24.72412
-36.4656,6.446435
51.035,2.173496
48.66903,9.226125
-49.92552,-23.59514
-8.762055,.4631698
-2.546862,15.12939
-35.18114,-10.8268
-28.76337,-6.298682
117.0287,2.069836
-26.60564,13.91831
13.03895,-7.150242
1.197002,-11.55492
-12.73642,12.97448
18.84168,1.157493
-69.50392,-32.18747
-223.4648,-211.4388
197.0488,206.9202
45.63557,-17.51026
-.3658873,-7.33124
7.861722,-10.17179
-15.12862,6.376754
29.3642,86.61565
75.79625,5.145267
-7.922454,-8.436975
-3.740602,29.3342
3.017143,15.55979
-.6327698,4.477862
-14.15289,-5.402978
5.552389,-11.70457
-7.490026,-1.82444
-9.061255,11.41891
3.747141,-12.18367
.9745679,-6.475266
2.861745,.5147287
2.829259,-2.781281
5.205306,16.50998
19.13661,.1917755
-10.82796,-14.67801
18.87417,10.09036
-17.03298,-10.04315
-12.65754,-6.85231
20.13405,12.16747
7.569707,11.80312
3.304917,-16.91879
-20.35602,4.495862
10.02081,-16.97243
21.09925,26.47301
-14.50824,-1.891284
-12.48741,-11.3029
-13.97521,-51.38354
-5.336765,-7.471617
-35.5515,-13.57718
-15.07669,47.58551
-99.76136,-43.93646
121.7185,40.83316
21.08878,-19.13981
-5.146471,21.17619
-59.63203,-84.6968
99.95399,89.66995
-39.05763,8.680306
14.35265,-15.00903
1.923816,-.4133313
39.44741,-36.54195
-26.46118,31.78078
-10.19515,30.2668
23.07612,-56.55724
-4.442479,26.18003
-7.341372,19.78491
-25.72812,-4.32921
1.1989,-38.99535
4.701611,-6.632022
40.49194,14.70639
-3.351361,-10.3008
17.96785,26.8274
18.83855,-31.48739
-130.6173,27.43556
48.91009,14.14437
45.19788,-27.2408
-18.69332,-7.327995
-12.4695,-7.104064
6.315197,-3.186979
13.20321,-3.003386
-9.174389,-5.346016
-11.60836,-.3726038
10.19141,9.629024
-5.268978,-10.92101
1.525764,-5.740648
2.410316,10.58117
-12.88679,4.386427
-8.61318,-11.37119
4.074199,4.677809
2.401829,6.368559
3.115556,-5.594079
4.030817,2.940874
-3.971024,-4.008822
1.619976,7.956666
-18.85209,13.91413
10.48403,3.856719
-2.489491,-6.950941
-.512481,-13.02645
2.042447,13.16357
59.54003,-18.61232
-74.05837,18.59512
-.9998598,-27.04072
7.683489,29.22756
-18.16021,-22.73815
9.113075,11.341
13.68713,-18.63289
-19.84581,-20.10125
-4.475118,40.1266
10.17396,-29.73123
17.94637,.4695727
-85.76149,-29.10348
60.35975,2.299258
40.21497,-5.424968
-2.630477,8.011076
-44.71416,-.1825653
-32.34785,5.504637
17.61418,.7711082
22.05209,.4505163
8.411791,10.54205
15.15618,-11.33076
-8.369329,6.169281
-51.94748,-9.197294
62.41773,17.44073
-1.306168,10.71892
5.746696,-31.1997
-.7220776,12.50718
-53.70636,18.57939
52.9552,10.06842
-84.85323,-12.14234
78.97224,4.836348
-17.27346,-4.218765
-.0541124,.1401556
-2.381768,-6.805251
-.8444488,9.913051
-19.6399,-12.48791
-14.09833,-9.312002
10.79295,14.38086
-21.62929,-23.83711
-9.709913,7.504394
17.69233,3.653643
-16.31353,12.56648
-23.53412,-5.405314
11.60025,-6.670906
.0376011,-11.09192
11.13705,12.20064
16.51564,-5.83085
-5.329646,-1.074255
17.0797,-5.130887
20.09715,39.90424
-17.89858,-14.22082
-11.1649,-12.05211
29.08058,6.145473
3.792214,5.961032
13.27681,-9.574079
8.140959,8.8969
4.204378,5.188202
1.085106,9.571941
9.7265,-7.528067
-2.252574,-3.627416
6.498467,-10.99565
-17.48575,-58.57629
5.299685,65.00678
-35.1215,-7.44937
-9.402611,-5.098795
-6.86165,-5.913534
20.56225,41.39737
-10.65507,-13.19206
-6.990301,-16.06726
-2.304205,-1.292248
3.042742,-2.968638
-3.72289,-5.293621
-4.096711,-6.919503
-.3383083,7.276001
1.458571,-12.58589
-13.27279,5.81461
6.386575,14.31952
-5.678888,.6986231
13.98611,-6.101904
-6.759634,-3.095744
4.246828,10.77418
-9.143342,2.147859
6.193242,-10.01265
-4.944482,-18.72956
-1.729682,26.60399
-.5037132,19.3553
8.708424,-14.56003
5.673745,-7.608791
-6.340778,11.31173
3.297294,-15.00074
-.860685,.3080452
-8.615908,3.447405
7.961305,-8.001272
-8.051697,-6.216413
-14.32713,-1.276234
8.69893,-4.612024
-1.746791,-3.870687
-20.57803,-1.669791
4.838694,-2.481102
8.562916,-.2898401
-9.186544,-6.498086
64.20834,63.13721
-58.92133,-59.80058
6.116154,-.9911715
-28.89163,8.539042
-23.92322,70.68059
-20.13376,-24.64943
17.9812,23.00646
-19.42378,3.13554
5.39055,-25.29897
19.56843,-10.55706
3.589748,-36.62374
6.387216,4.967023
-5.040606,-3.891196
.0781639,-2.499916
2.948472,10.85654
16.23109,-9.913294
-8.229609,1.431218
-40.15239,-40.16613
-277.4628,12.15009
108.9081,103.2738
128.9454,-63.01064
-62.23094,25.43861
-89.26517,-68.08998
276.1496,163.2923
-4.762602,-8.475779
-10.18549,-18.83953
-.3538681,39.80703
-40.33409,-39.85844
-6.645929,36.77127
15.27692,-35.07246
-23.27635,19.70662
8.590303,-15.21568
-10.88004,12.53305
23.42977,-4.457502
-9.42651,7.754777
5.169671,-.2303174
-4.453742,23.92527
6.380747,-10.75172
5.529102,-2.901889
-14.90235,-9.544918
3.834062,24.85795
16.02642,-28.83816
15.11985,11.31709
-21.93682,22.61019
-277.7787,-92.11112
277.9658,23.79517
-78.63191,-28.31384
35.09841,40.06035
-1.161784,-.0991736
-67.71234,-42.61176
19.60326,10.75001
-3.000161,-11.13505
-5.094315,3.979833
13.28705,-1.458478
-17.47512,-9.729677
-.1232377,13.51908
-3.172258,-4.757139
-34.10079,-14.03814
62.97145,10.7157
-7.777094,-3.979225
3.090341,5.300763
4.701416,1.600989
4.383561,-.3793642
-7.997393,-12.05099
-6.66165,4.581407
6.699314,7.398065
18.29291,-17.97683
-22.1605,24.71198
5.745981,1.597761
26.74952,-4.582114
34.41771,9.304252
-11.38875,6.394986
-6.052752,.7697403
17.67188,16.0725
-10.63657,-23.69573
1.374425,-3.689508
8.493187,30.24832
14.28222,4.318072
-14.69316,-15.12355
-104.4474,-78.59796
68.08572,129.9791
58.71585,17.4238
-32.70725,-19.06646
-2.709658,-43.1396
1.29828,-54.48787
57.06247,57.19094
1.017394,22.46631
-7.843776,-21.33111
5.520734,32.786
9.687829,16.27077
-12.97185,-10.17041
-25.21227,7.823863
33.33514,-6.332212
-8.135099,-30.49083
-2.817439,-.643213
11.67242,26.86474
-6.457919,-31.2474
7.764945,34.41532
-8.423909,-16.86972
-3.60943,-3.839442
-9.471569,-5.311243
4.28789,-9.852329
-3.368576,18.47473
2.952097,11.02295
-9.065673,-7.153769
7.903443,10.62237
3.293884,16.41168
2.754652,6.896156
2.552901,3.921063
.7346374,1.046159
9.232376,-6.039375
8.18189,9.551017
.0578722,-32.12893
-22.31326,-.1891661
30.4841,17.71678
-7.056085,24.57635
-139.1068,-193.1138
104.3878,138.491
49.66743,82.05388
-27.07914,-42.72927
-32.72782,-22.10035
14.16648,-7.841857
4.796866,50.22987
2.646255,-43.44211
-8.714957,-5.297996
-7.525647,-3.904567
-3.775566,1.685287
-25.7873,-.4596588
5.148179,-7.302721
-.4915739,-33.42647
-12.01729,42.93691
1.733274,-11.83016
-12.814,3.338014
-3.282824,-35.52427
-33.06151,28.95248
33.64428,6.393482
-1.163931,4.93892
44.26266,-46.84621
15.84697,-6.935639
-5.950191,-1.676666
-20.28535,-11.1765
-12.19062,-9.592409
1.60877,5.686444
-5.566338,6.751969
-2.732692,-3.097901
-6.358305,-2.243514
5.191459,4.885564
-1.597451,3.444679
-2.59925,1.808381
-1.38568,-5.870101
2.745778,-7.73759
-8.556272,7.337527
7.406374,.6650767
-6.592165,-.9079913
-5.831727,.1718557
2.071939,-3.410541
-13.3436,-10.56728
8.526789,11.11876
2.000455,-8.940562
13.00829,3.504181
2.481647,2.990327
-4.994513,.5922151
-1.99252,-.7588071
-.6297561,2.966542
-6.98141,-8.914843
5.286606,-1.142738
-3.157102,1.101637
-3.137811,3.984479
-4.421004,20.33715
-3.328831,-15.62705
-3.895275,-4.914006
.4913642,.8194087
-4.502208,4.112691
4.844096,9.085912
-1.650182,-11.93415
-8.211665,.5910396
-10.74275,8.56193
10.27045,8.391493
-18.10019,5.685157
16.24124,14.87879
31.38725,-8.161853
-5.603446,-10.01452
22.68084,.7884443
21.89927,13.00721
-26.10123,-6.37823
-3.413762,-7.152698
4.575587,2.339383
1.286822,4.33286
6.437387,.7262054
4.816442,-8.958882
-22.24714,23.04713
8.725184,-9.861667
-10.13231,1.610113
-26.49352,-6.637148
-61.14379,6.406422
79.36036,22.22211
-23.28919,-35.19725
30.83922,22.45975
-.3939313,-6.597036
-45.26118,5.005393
20.5027,37.88005
29.58234,-45.42517
.6848029,61.54975
29.96297,-70.88186
-12.23396,22.43053
-12.116,-30.84156
-10.65948,-44.05989
-10.57008,108.8288
-7.220472,-92.33395
102.2763,-30.3404
-54.39973,49.93779
-27.11573,19.13401
7.70175,-11.73408
.969925,-24.75158
70.99934,7.559703
13.02916,42.01897
-21.4854,-12.56159
.146414,5.941438
2.11867,-31.07033
17.58186,40.21988
52.53654,-36.37177
-122.1993,.3677072
9.340337,5.571886
69.07033,18.41721
-26.43648,-6.730783
-16.90526,40.692
23.82895,5.573553
-11.0493,-12.03385
-7.445,-11.24583
-48.75629,1.278336
60.73031,-1.178094
15.82558,-11.27014
-19.08552,15.601
-68.31486,23.10822
1.914639,-6.556957
27.70579,-6.418414
14.44205,-24.24907
13.70945,12.69652
-.4581271,-2.029545
-5.603446,19.76892
-5.63179,-15.38178
-4.442479,-38.37884
-11.16349,34.47177
20.70244,-22.25081
11.47487,-8.523829
-48.1828,19.3191
-19.47017,-18.95172
4.816442,29.52668
-23.08397,26.60039
13.64396,-42.37838
20.61574,14.88479
-10.5208,1.918641
23.21436,4.464613
-9.017215,-1.116863
-5.914455,4.036892
2.776746,-2.075753
-16.26527,-4.675964
-21.13696,9.469599
-21.91174,-9.585749
-21.59119,.4064516
27.71097,23.69672
11.14575,-6.448493
-8.766832,-7.201594
6.334735,6.812009
7.29607,-13.16644
-93.4463,-4.937222
51.39468,.5454495
-5.847857,.1724093
-63.59277,.7690914
88.2853,8.740451
4.317747,2.701982
-1.542967,1.209923
6.908602,-11.47407
-2.649057,1.224293
-1.953231,1.516883
20.30555,2.808432
4.04565,4.303555
122.8317,2.726302
-118.8874,-5.135954
23.81366,-.777033
-159.3053,1.551766
198.563,4.019276
-28.70694,-15.72122
-13.35705,7.843593
10.93995,-4.272187
-16.03001,-3.981119
-2.358626,11.74121
-13.11605,-16.60755
22.58224,23.43017
-37.87482,-23.93079
5.799473,12.31888
19.75701,9.503106
-2.840145,15.2978
26.76938,-14.95762
-9.133716,-6.310415
4.236956,10.94503
4.458968,-9.78892
-2.091522,-9.927349
-12.47987,-20.44509
24.50634,38.04342
-4.586553,4.255081
-8.214114,-4.582114
18.68755,-2.712033
-9.22338,-2.189867
25.64583,2.065831
5.700447,6.507353
-1.179706,7.653435
-32.06782,-5.718044
50.15806,-.3646411
.9969921,4.075415
.9054892,9.997676
-4.773559,-1.089992
4.232256,-.5702081
-9.800397,.5835762
-3.463284,-1.202796
-.5523763,-1.669302
10.12351,12.79965
9.224931,-12.21087
-5.263551,3.955952
9.594185,-2.292752
-2.36019,-.1194875
-.364948,8.078221
1.111171,-4.104104
-20.21752,-18.51104
7.141695,25.60059
-4.916295,-5.703981
-25.71647,-13.84888
-5.084143,8.715262
26.25271,21.94229
5.527086,2.594298
17.06349,-2.544438
-6.193077,3.459956
1.315032,1.662039
16.22524,3.292492
-.6484575,-5.740487
4.821456,12.69335
2.182728,-.805969
5.946885,1.946619
-1.864889,-.115122
-2.549219,6.814704
-36.12466,-24.0852
144.4512,-21.23801
40.37508,90.21587
25.90932,41.80997
-16.38172,-12.28842
-7.319799,-4.967027
-6.761301,-52.87818
-9.558524,28.80511
-3.894076,-.8749418
9.807327,24.54844
-14.50147,-24.36263
-12.20106,-11.51339
7.801206,16.11454
-7.382723,-20.60893
1.927456,8.230107
-1.248558,-8.996826
1.251418,28.00073
1.326511,-21.78773
-2.04971,1.134974
-3.207941,16.93747
2.22054,-14.07066
2.274309,21.69746
-1.39517,-25.61065
-7.119018,.4647261
48.10252,-8.267833
-58.81515,3.749158
-13.14606,-14.20628
3.14694,36.19138
-5.829374,-20.12364
23.20731,-48.40327
-59.01761,-3.889214
-16.94042,-21.78183
-76.71233,33.99211
124.1082,.3477424
-22.14497,33.58925
-16.42184,-38.76125
50.38303,25.0111
22.83409,.4178661
14.54298,15.21268
-31.89955,-26.53331
28.63548,15.43112
-13.64959,-6.283134
8.331059,4.539299
7.471879,16.11547
52.8933,1.947758
-5.248873,7.611628
15.26364,-.1950197
-1.104131,2.331729
-60.04289,-3.93185
-70.81609,-33.3462
-22.79765,.2328191
7.496275,-2.975369
8.651084,13.49197
-22.1694,-7.900957
1.941257,3.153974
6.494423,-2.061097
3.115728,7.417302
5.576918,2.735212
6.733755,-62.6138
4.68406,13.42373
-7.538474,.0773479
3.594977,1.909362
7.809655,-11.61271
16.80235,19.14362
-9.3552,-11.97107
-7.259565,2.565807
3.24558,2.495957
-10.52448,-12.92546
-10.18902,5.17054
-17.07066,-25.56865
-33.15534,10.35469
-8.064876,-14.22832
12.07852,30.28863
11.85792,2.134221
-2.320382,-20.41622
-1.2912,22.95796
13.70867,14.49665
-8.057286,-19.98371
-15.93563,1.633804
-4.864374,-6.967108
12.71463,14.4704
-4.336934,-4.545438
-18.72338,-10.61578
2.898423,-15.80388
-6.284787,-1.959812
47.51627,26.74475
-43.25113,-16.01065
-7.81893,2.203955
-3.218818,-2.780741
-22.16086,5.554766
-10.6639,-54.23183
-20.12288,34.25624
7.675632,12.83465
-8.199012,35.57961
-8.008197,-35.18311
26.84743,-5.28767
.1582496,6.064539
-9.032833,5.137762
-32.07484,2.466161
-27.30892,-3.998559
11.82571,-1.417777
-25.50909,3.977508
69.00588,-2.873503
3.147306,-110.8312
37.6548,109.4648
-47.23454,-9.834438
23.04583,37.70991
-53.52706,-13.11247
53.1233,3.381403
-98.8728,.0152673
101.6965,5.641274
-60.85018,4.567463
-95.36124,-31.51003
84.91006,-41.54543
173.2155,17.18437
-84.54428,75.57069
-33.44172,-4.197752
8.672582,-21.08403
28.90763,8.386205
-1.475193,-9.590399
-8.62619,-3.871634
-7.670421,-2.235656
-4.256778,-4.627836
-6.062809,5.142865
-3.046508,14.16723
-6.780524,-14.37999
-18.34023,9.043807
-27.89423,-23.31737
9.468466,-35.26224
35.00569,44.72201
5.690173,12.44056
.4303252,.4653073
6.284309,8.504009
-13.03162,-5.149346
-.0395459,-5.165811
14.08828,-9.67286
-15.36837,3.949852
-4.265607,-13.28368
50.04947,-9.723696
-42.06706,31.74362
-53.46032,-24.13223
30.92147,10.1296
4.900878,-15.36959
-16.60708,8.96692
4.90121,17.12456
37.16334,10.00701
67.59151,-4.678514
5.173847,-139.4188
1.502141,152.5276
17.44743,-4.35192
3.017143,-3.782367
.1107281,6.963692
4.243093,-5.300252
-2.395305,5.657847
-6.903514,-3.90667
-1.965345,6.012789
-3.812806,-.0044546
-2.060724,-3.076573
2.503744,.4772886
.2327383,1.067857
-12.46065,13.36684
23.82728,-16.5426
-7.525647,-7.243648
-14.24666,15.4054
-56.57446,-35.36814
28.68579,33.40392
-.7564749,-1.689084
3.151173,1.707806
8.187126,-.1405482
-12.814,4.969153
5.679702,-6.23658
3.931831,-1.877659
-10.54332,.4511395
3.96709,-4.328615
-5.527648,-79.10777
8.329936,-42.93647
87.40786,99.30959
.1924462,.4296654
2.386853,-2.463905
-13.21992,-5.702909
-11.12529,-32.35054
-105.5973,-59.79681
59.8373,69.31773
35.53119,22.64191
25.22527,6.092503
7.158201,-150.2984
2.532615,142.0012
-9.818971,-5.449522
3.041659,-4.958828
-9.306385,-4.89777
-5.257091,5.63791
-11.01535,-11.17273
14.0467,8.043221
-18.11149,-14.65345
4.595293,-2.581957
3.458424,11.77222
7.365057,14.9789
-5.681366,-11.32768
-8.734899,14.61624
7.020443,-14.70597
-3.381703,15.24563
-1.864276,-24.80202
-6.936079,9.681299
-58.39956,103.8304
41.31461,.0560671
-29.27228,-3.321801
63.50039,24.88519
14.29051,-.0832224
-11.19932,-30.54942
-17.245,5.592476
37.56194,11.56868
-64.17432,.5925599
12.13928,-3.214286
27.17067,5.484503
-37.55501,18.32541
69.50022,-8.490183
-57.09471,21.10361
195.611,-39.87619
-164.7199,17.74986
-104.0173,-24.52954
28.04856,30.38208
46.02514,-54.68817
15.10108,-19.1531
96.81843,30.85909
-32.87679,-7.534356
8.587285,12.16344
19.07532,-4.509247
-5.060124,7.849916
3.380909,-3.757752
-28.34503,-3.563987
3.607418,12.48068
-15.0191,2.467151
7.689429,5.872348
-1.512756,14.40394
-42.33913,-10.53103
38.49168,-4.459388
-4.372468,-2.369856
-67.45885,2.800612
-3.757792,-.535225
35.30467,-2.84446
-20.48831,-18.05861
24.91282,-6.993969
-21.13808,28.60703
-65.46487,-23.13704
-9.413889,-11.10329
69.3129,24.06159
-4.985007,-3.974286
-4.159733,4.620108
6.546738,-10.03752
-8.581612,2.702432
15.10158,3.348412
-6.709777,-8.443037
-15.64161,3.122041
7.02494,-5.149365
-3.567344,3.244774
20.7102,15.84665
-5.44552,-233.5116
24.11837,237.9326
-9.752208,-.3242317
-2.60544,-8.538148
5.763984,18.2128
4.734921,-11.60313
-40.92635,-1.596395
9.958959,5.034924
-28.7177,-13.78283
8.527724,4.260064
9.890691,5.568897
5.289076,-5.064285
-15.44115,.8663433
-116.1783,-6.543484
-10.19281,2.455442
32.3385,.2985018
33.86031,27.7854
23.43652,-68.25854
32.23494,42.14871
-1.999711,-13.05524
-2.699853,14.71141
-7.390869,-3.473068
9.832707,.7200761
3.141957,-1.549737
-12.31874,-15.4412
13.35256,13.72518
6.237193,36.08881
1.302602,-17.13751
-5.686358,-4.529763
-11.27241,1.750433
36.70197,1.686945
7.357779,11.9975
-36.74609,.3281148
54.95081,19.19402
-37.00679,-72.18758
94.13941,35.59898
14.96694,2.711414
-66.5332,-32.34958
29.98154,44.66555
-8.074343,3.709596
-22.29447,-52.53498
-215.9597,-177.2218
245.0669,208.0361
26.90838,7.967987
-14.23368,-13.95428
-7.615947,17.09794
-3.822321,-8.503152
-4.482132,-20.97017
-85.0887,18.7398
18.68175,2.381034
157.5593,67.01523
-20.23709,-85.45251
-4.946626,17.35686
-13.77272,6.821869
2.110719,4.56715
-77.5012,-53.88028
-131.5767,-4.010642
21.13045,-26.85128
130.5126,64.65003
-.0290742,-115.3631
-10.18517,103.9261
9.482213,10.7037
5.862515,22.08265
-12.83327,11.10563
46.96484,34.22354
4.654298,-6.788084
-36.70168,-39.36443
16.13482,.3933912
-16.46449,4.482218
.6545054,-3.243509
-22.41437,-31.75052
-11.75751,-1.927017
-5.283363,5.20507
-4.96474,2.513965
-9.826193,1.182098
18.85788,-4.133185
-2.807686,.1827392
4.828088,4.738772
-3.353217,12.61451
-2.975752,-2.047046
-20.01301,-16.04377
16.77723,24.00258
7.627001,4.661047
-7.827405,-3.538648
47.58775,38.84661
10.06283,8.963706
8.388116,1.872805
-9.226115,-5.535423
-25.28858,-71.06862
-58.95999,-2.21893
1.618394,9.840126
.2155954,6.824812
-17.51437,-11.92048
-3.958611,17.58137
-1.523082,-27.52584
-1.284039,10.31649
8.461123,-14.91216
-4.535389,14.81273
2.905032,4.259406
-3.485532,9.038385
-8.398596,-11.04089
-1.613488,4.19925
-2.814276,-7.539192
.2287194,4.32462
-1.74381,-3.545452
-3.968969,-5.00221
20.02723,10.22351
-12.97003,-2.426179
-1.957406,-8.553633
26.67004,9.942122
-8.546142,19.47879
5.346465,-7.906536
4.653456,4.885268
6.159323,10.25563
11.95798,-.7870972
4.04565,6.865185
-16.56408,-14.44014
3.911544,12.32991
-.2127744,-5.468725
2.308675,-4.292593
24.50952,6.324042
-29.50481,1.969434
108.9779,-6.362054
-67.37002,-56.28479
-22.15941,-20.4294
-42.11247,46.10221
-3.297505,10.30843
29.0219,.6268436
-10.40577,.6877472
17.83225,8.308918
21.13058,-21.54144
-23.43222,4.220573
-2.305938,.4354711
-1.409618,-6.741091
-6.064284,-1.824575
-1.999711,16.54325
-3.370997,-20.39887
3.894594,16.47479
7.942144,8.49383
-4.00394,1.660884
-4.955346,1.149733
-2.462904,-8.176435
-3.680968,1.268749
-7.748799,-3.549234
16.10029,-14.29431
70.98663,3.949898
-86.82272,-2.377575
32.92113,-5.869197
-9.000508,2.735309
.3807485,5.623031
55.31295,-50.67234
-38.6118,-33.89243
58.75493,65.77016
-8.716699,-12.40415
24.99576,11.92465
-32.63552,-12.63787
-.8683766,11.62951
6.313067,-5.615959
-7.435255,-17.17253
-1.565174,-2.75177
9.096019,7.81528
-15.05526,-6.541383
4.763191,-1.918884
-1.347745,-3.952842
-5.197638,9.053622
13.30938,2.431061
1.372494,10.71825
9.406491,-4.116291
2.907176,-7.156459
3.510767,.8114814
4.889891,-28.66256
-22.70626,15.32267
5.038669,4.475572
18.64635,2.30502
-.6331151,4.595643
-.0788071,-8.254409
5.56006,23.44158
-1.934057,-19.57157
25.67772,-12.85782
-15.68811,-4.035673
-11.64539,-8.822245
-11.45315,.627661
-10.09084,5.188889
2.90338,-3.551647
10.40778,1.461773
-.1947411,2.644129
20.72302,2.631388
55.08818,-.3395778
-15.60464,14.46959
-27.26499,-3.563376
-13.33922,.4042328
15.50313,-3.998559
-17.44236,2.664422
-.0727311,-13.23941
9.092034,24.87947
-70.63904,-34.29681
-3.138241,19.37276
62.39684,18.92971
3.425486,-14.08862
-4.667739,1.383217
-10.97531,-23.68043
3.229582,10.17175
24.61744,22.84532
6.90646,13.3865
-35.48473,-15.77263
-.2874767,21.06199
-4.098911,-16.36954
-144.8097,-8.825208
-226.0542,-173.1467
-188.19,-174.7309
297.204,218.413
57.00687,71.09457
207.5557,226.6081
57.94344,54.30495
42.82099,2.263049
5.146508,-10.14633
-9.769728,-4.561101
-5.352587,-1.767401
-3.103609,-1.617693
2.813435,18.76123
7.277232,-.2670451
17.98279,17.36395
14.82328,-9.753054
.5472755,-12.18944
.4799899,-5.5674
.9843787,-1.220876
-1.696455,.3050933
-2.698624,-12.8955
-6.11762,2.34483
-2.677227,-14.72069
-.5293635,3.905604
10.68117,2.049441
-3.148824,-1.069575
-24.97615,-3.367725
14.32461,-4.821376
-10.77199,-3.335814
-16.00653,12.10603
-15.96552,-4.922244
3.666524,-44.37106
-2.756499,8.405421
11.68426,6.038339
2.353045,-12.30188
-18.52642,-1.802553
-.3607315,-11.908
-3.922132,-17.05157
6.573493,-3.958287
-.5156953,11.51963
-11.73061,24.14778
-.095811,-34.52705
1.951405,12.19438
22.64488,14.7335
3.417038,-1.430413
3.417047,-12.917
-9.746017,.3404457
-6.754855,1.764594
7.205388,-15.42484
22.23235,22.53515
-6.659902,4.532734
2.567647,2.803403
-6.788531,-4.112859
3.761944,30.87884
-3.655055,-23.21115
-12.15516,-5.869705
-2.265032,-1.510784
-14.90041,23.13237
.9144453,14.83681
2.442256,1.125118
5.711221,2.830437
-2.288068,-.1416294
-.4862712,-3.113732
-11.22055,-3.51772
-2.605355,1.094898
20.95449,1.565507
-16.83715,-2.722434
-1.592119,2.592125
-9.040522,-8.920587
10.74077,16.01168
-1.447814,-2.103434
4.258614,-2.995202
-4.908096,-.9814355
7.612216,2.790956
6.686329,2.986021
-7.45606,.4023723
-3.389001,.2531051
6.249425,.4795955
3.884868,-6.159752
-6.528551,7.537967
3.351189,-2.874281
10.15489,2.137164
14.9671,6.358295
-16.30376,-10.3116
18.12003,7.252227
-1.593814,-3.179946
-4.094017,8.896156
25.81389,-67.24171
-20.04772,-18.42984
7.748725,1.457938
-7.481787,5.279654
-8.124875,-13.64371
-1.596242,-3.444525
5.411055,17.51591
-17.29897,-15.33982
12.68333,13.94071
-4.407993,5.21207
-32.6125,-60.36632
26.21836,34.94283
-6.149785,1.384322
17.05678,-10.46513
-6.835076,15.264
-6.692574,-1.473825
-.2197174,-1.714478
-15.64027,.1697467
8.087147,-4.068032
8.146441,9.319281
5.714898,-9.076847
-25.16269,-2.861158
17.47724,4.173287
3.198635,-.0056317
3.811274,.456727
-.9890153,2.365731
16.49457,3.408469
-17.98065,-9.969281
12.09849,8.853678
3.115993,-8.559819
-33.37244,-7.774185
-12.89892,-17.75201
10.93995,20.27993
4.214749,-.0601979
-7.081418,-3.886699
3.866344,5.321651
11.377,2.027887
-13.25752,-7.622859
-8.429561,3.701862
-8.38,-1.853647
-6.200113,12.65717
17.52911,.9781998
.9799868,-13.71215
6.500641,3.484813
10.89798,-9.949365
-10.69929,11.6181
1.776433,.4046563
12.38818,8.172916
-8.279502,3.359374
3.149148,-3.846997
18.38345,-.2701787
-6.77038,18.95092
15.00046,-16.53387
-4.563423,4.080839
-5.834742,2.858202
4.060793,-1.239822
.381985,-.0697081
2.034091,3.097229
2.679051,5.272485
-.8630335,-12.40416
-.0798927,2.372323
-36.83039,9.712503
27.31747,-16.4089
-1.617047,29.51183
35.69791,-26.86339
-27.17432,3.515907
4.424039,-.8431926
19.71271,8.770697
10.94822,3.939239
2.716982,12.92457
-8.964484,-4.151493
-13.09023,-16.89335
18.09417,14.2615
9.214332,15.10547
13.45253,-10.60791
14.88036,7.343125
-23.76489,6.813883
-1.393551,-12.54629
4.55433,-10.68055
3.96368,27.63528
-.5382637,-8.312392
10.10053,-1.344543
18.98807,37.15403
-44.0792,-59.75476
29.01267,34.34478
14.73254,26.40787
-.8546848,-15.70319
-5.015185,-12.22599
92.13663,76.61057
115.9794,117.0393
21.75076,-13.57852
-9.963983,-19.65261
9.770734,15.64265
-.9163462,-25.11383
-2.639201,7.162525
-36.07165,-3.299782
-3.916937,-9.800759
3.31526,.172642
1.037896,5.786771
-.4827955,-6.827589
-5.384082,-6.678941
-2.412833,-2.194903
5.696259,-1.232191
7.977934,-22.80979
-1.789645,8.056626
6.264189,18.70167
-1.244864,10.37558
4.173314,-27.03387
4.53319,24.89631
-.2735936,-12.75581
3.536464,16.52153
-1.284804,-23.89147
-9.13961,-7.636465
.6181642,12.18581
-.2048549,12.37372
-6.677844,-22.73134
-3.837453,4.068265
1.881238,-36.98964
.4640409,6.052684
-8.329078,-.8398407
-9.66487,-16.877
1.882141,3.319012
-2.683735,-.0057283
4.445182,18.61197
-1.552421,.3442095
-25.49965,-.4296725
16.03811,4.261353
-12.15947,-27.9815
13.09375,2.056871
4.763325,15.79008
9.031421,-2.973971
-3.155899,-13.52812
2.558061,.2527049
-12.42298,19.75681
5.782398,-10.27165
-12.9297,4.785978
5.936806,-.6133364
9.86238,1.90512
17.75786,6.787235
2.406397,-9.672292
4.934516,14.55386
-5.662653,11.73617
-11.41588,-14.78734
-106.268,-.5107757
-2.745166,-1.345685
-2.218123,-34.62734
-11.34077,1.917394
7.244146,10.23922
-80.85746,-72.26501
71.11385,27.82094
-24.77467,1.491153
43.28487,10.76711
-61.51676,-71.77613
56.6642,73.04454
14.01533,2.822093
17.28843,14.67783
1.232307,-.1325904
5.683539,7.124543
1.339358,-2.740364
4.243527,11.74941
-15.13566,-31.9979
19.7613,22.93148
17.81149,4.175653
-9.5409,-13.57027
7.260817,13.92638
-25.8255,.2714306
27.51127,8.92802
-28.41648,-14.41789
5.156561,6.219729
34.32219,-3.764366
-34.61182,13.62786
16.63238,-12.79461
16.13132,9.206249
1.597573,1.993617
12.57055,6.47077
1.219418,5.78745
-12.21502,-21.06338
-2.332978,2.983384
6.562442,-10.32094
8.108509,8.010839
-8.595169,9.244202
-5.984507,-27.02894
-.0533438,22.24651
.4962027,7.640303
-9.921584,1.103955
-4.924609,-35.77563
-8.3471,2.099286
13.09971,-4.365434
-17.16833,1.49433
12.56395,22.64601
-3.362049,1.353331
17.03518,.6050066
-14.06521,3.292753
-16.66279,2.969351
13.19075,-13.87165
-2.263661,3.605622
4.494627,5.956282
9.142158,-18.49261
.6464312,28.86081
-9.262733,4.102597
6.786803,-4.952516
-1.594433,-.5935953
2.163299,1.735204
37.20253,-3.428105
-32.42046,-7.24755
-6.463847,3.214507
5.543592,-8.959926
-10.59768,-3.142995
20.5174,1.778269
-22.24516,7.495169
-6.516521,-11.43394
5.823357,-2.272872
-12.1524,12.99649
-5.685591,-11.45155
-3.61116,-8.129324
.6210384,10.20884
-.3608367,-2.726184
8.579991,1.820095
23.52374,-12.06845
-5.818509,6.754033
4.461099,11.23911
5.76146,-13.30134
-4.774732,21.87815
-3.099182,-13.92916
4.304966,-13.87163
-.8972661,-1.322209
5.532852,18.10895
2.504066,-2.632177
-9.633448,12.324
-.1571409,-21.95494
4.304095,6.916148
-10.8533,14.8829
-2.590253,-12.0789
-47.0461,-21.05832
15.9724,-27.55478
-357.2751,-283.0981
374.2704,299.024
55.11269,70.94992
-1.056221,1.008314
-6.755307,-3.086001
-7.031325,-3.518561
-3.643203,-1.309447
-5.459802,-3.13544
-9.960781,.8201525
-8.664385,-.7955011
12.54888,-6.90273
-1.651147,-3.976229
35.46363,21.84525
-11.15844,-2.684754
-3.91958,-3.203366
-7.328056,-11.01075
-3.696952,1.848403
-4.759531,-10.55977
-16.68129,.5471292
10.62311,5.110974
-18.21087,-4.042042
-38.58487,-46.96629
-52.30454,-29.95871
82.08031,77.44734
-2.660956,-4.203484
-9.005904,.1177896
.2822712,4.703427
7.418033,-1.322115
-30.63074,-53.26232
-126.5185,-46.3727
84.9464,68.20697
53.33331,34.86827
-83.59295,-81.6081
82.08776,78.04217
1.692777,-10.7026
-61.35198,5.392509
-25.27761,-37.18866
44.02999,-27.48975
13.5546,16.58412
-59.36629,-10.89785
42.86306,59.84305
-55.41125,-66.59592
-70.2768,5.642278
-23.47855,-96.59953
18.25727,70.44257
95.00093,73.54438
52.49937,23.88273
-1.492869,-1.124147
23.41229,2.067196
1.4389,2.605918
9.353505,28.31553
48.01207,-16.96296
-44.65717,-7.556156
-.8230218,-1.338404
4.050438,2.406493
21.41185,-2.74884
43.3466,76.9328
-17.63985,-14.03624
-27.59131,21.58567
-84.60337,-15.72645
-8.175222,-48.36134
-112.9613,-182.4472
65.37408,127.5392
-10.72813,-20.55083
95.53284,99.84886
38.84659,30.09971
10.04706,19.268
-13.59135,-9.61273
-5.657808,-28.51417
5.756145,22.77752
-11.40391,-23.8667
227.6827,9.74684
-210.5797,3.422631
2.651034,-12.62469
-3.19258,1.134974
-7.653117,-43.92272
.5515168,1.553617
3.792005,35.60749
28.81514,4.72021
-7.743394,-10.00653
-24.94576,5.033372
1.842126,2.744125
-3.897749,10.35536
-7.292363,7.933065
39.35614,4.556252
13.61415,13.94547
-27.20037,-22.79598
-1.209197,-3.410424
9.710048,28.6258
-5.987977,-9.6253
-23.21277,-16.99463
11.22698,1.00252
-31.56018,-19.5566
4.301979,26.07263
24.55882,2.562074
1.388158,-5.721149
-43.66104,-58.49853
-5.663802,57.04631
2.745904,-10.29348
1.315997,.3018056
-100.3924,-81.59245
127.9508,69.67303
-8.296438,-3.617607
-6.316315,-2.455621
15.04663,.4439926
1.499841,17.15212
-7.389448,-3.852284
-283.1476,-245.31
19.19464,1.643197
206.1377,205.047
72.40945,39.29192
19.29702,-.182606
-24.27997,-2.151427
-18.63909,6.807735
3.433568,-10.60776
-28.01695,-.7008937
-3.139985,5.919849
108.9994,67.73546
-2.709658,-11.37915
-221.3816,-109.4612
194.1321,145.954
-9.736153,-17.04069
11.05432,10.19274
-18.26613,-20.51072
-56.10744,-6.309404
94.06013,-207.1876
30.19584,235.2031
8.699307,-3.904239
-64.24694,-8.163296
-10.61359,-2.868192
36.35843,9.955043
17.74075,-12.48006
9.962836,16.93833
-4.501838,-23.68735
.5223846,.3670647
.7067008,-1.743184
13.24911,22.77108
-15.60877,-29.22574
14.02723,12.30143
-10.3376,11.07839
21.22387,-9.475715
-13.4755,-22.55339
16.14877,14.55778
54.89079,74.78895
-6.570195,-53.61624
-37.98739,-.8766922
-2.668579,69.92191
19.78905,-69.98735
12.88835,-16.58268
-20.68807,44.19039
10.97259,5.598075
-9.320262,26.98966
-47.77633,-66.02771
42.69539,48.34967
-8.12364,1.379957
-42.89918,-6.145257
-13.36028,-31.76326
61.43252,13.41946
8.791951,14.84316
-26.04382,27.76997
-8.182702,-43.83884
-6.810084,9.741626
14.01561,-11.03431
-2.649057,-63.70041
9.379638,52.20183
-25.11998,17.93852
40.3362,8.185219
1.758613,-29.10501
.9366512,9.264669
-18.34393,-27.09192
-27.80513,-10.75728
20.72474,24.29094
-23.40358,2.155142
11.43669,-4.013635
8.627573,-5.538358
1.494965,23.17156
-17.68752,-30.37706
11.39798,4.734969
-23.09373,-4.873651
41.99873,7.881707
-14.15083,-25.1061
2.090961,16.73746
-6.556238,.1197209
5.096084,.5783051
7.52295,3.911488
-.2926853,6.252332
5.216246,-3.534933
-25.39259,-11.70156
27.62225,13.12389
-9.597631,8.364368
.5489524,-7.0533
-2.085289,1.776935
-1.388325,-10.174
-1.819568,3.169125
-1.10154,20.31136
10.32266,-13.89472
-9.336596,-3.4861
4.253633,1.491751
-6.070979,-5.592878
-6.742936,.5025218
12.95216,5.856109
-26.80255,-3.921911
3.81586,-6.352331
8.622169,6.196667
4.278386,-5.631251
2.430601,-2.432793
-18.83321,-.5161238
15.84045,3.315909
19.99416,-.8280333
-6.983923,34.67635
-11.2765,-32.51359
31.0409,6.782385
-48.5956,-3.773366
26.87098,-4.295744
-35.35855,3.382474
14.29649,2.623428
-16.07374,1.423021
-14.26046,.6746968
17.78449,-.6780987
-2.017823,.5595748
8.483253,-4.828638
-77.34283,5.519613
54.69176,3.289027
-12.65827,3.562814
33.49726,5.344089
-9.818211,-6.855167
-.2891229,4.164365
4.767029,-.5239052
-4.646602,1.804894
4.651084,2.210475
7.885243,-28.04268
-25.60581,25.27247
-21.67252,43.00141
34.79636,2.392354
58.98414,10.80908
-12.83452,13.05328
7.084926,-17.35554
-10.30051,-9.83463
21.68026,21.28958
-40.94888,10.94267
-24.4339,-17.04139
60.2599,-7.507738
9.8173,2.797506
12.36369,7.389324
-8.36186,-20.68153
18.54001,12.78861
7.975614,-14.8659
-27.29939,-2.765604
-12.21644,2.971807
14.27584,4.177601
-47.57723,-20.67715
4.728861,10.21856
11.57257,-1.046216
56.15327,3.296592
-1.00244,-1.997418
-18.17624,-13.42418
7.519445,5.90437
-40.85271,-2.34454
26.06412,-4.268953
-8.574885,14.79485
21.7918,17.31813
-3.556628,30.04805
8.339044,-85.81722
.8570848,-.773111
26.59364,8.532433
-66.56467,-117.6424
-52.72079,116.9293
101.2026,26.77811
16.00471,-9.38838
-42.12881,8.629891
13.95842,21.06519
25.12926,-.2287084
34.10283,-20.34975
-68.61666,-1.913965
27.39812,7.257219
-24.54267,31.37792
33.48618,-27.26073
24.03872,19.99345
-44.30787,-35.33059
15.98333,36.81202
-8.030522,39.05851
4.000373,-30.83689
10.05483,.0241497
-21.35798,6.778156
25.07333,-8.140837
6.844746,-18.092
22.46714,24.62318
10.30892,6.956735
-20.70959,-4.130779
48.44184,19.73153
-20.44357,21.39436
50.74708,-31.90668
-19.33047,7.960677
23.6522,-15.75851
36.42389,3.944994
9.338942,1.791397
-9.803529,-2.279178
-2.65298,-.9488427
-55.52862,9.983834
57.11366,4.323437
-63.19422,-14.18041
-8.979551,-23.32583
-55.99754,-26.94671
70.00797,56.00824
-29.10833,7.822031
2.759201,-2.503704
41.64096,-17.49011
-25.88527,-6.757314
27.5296,19.78577
-5.421794,-7.033343
-16.81024,-9.783986
-8.124051,1.068369
-45.81556,4.210028
17.87751,-25.00367
5.882999,17.31555
3.205544,7.554834
-10.32335,-5.719512
-56.82723,-.7169347
-10.01532,-2.091824
-17.78313,-22.83151
.6915501,8.773292
-151.0812,.6987122
148.2053,-3.345122
-39.22478,-68.29953
42.38775,9.111329
8.141101,-4.102262
-19.05427,60.79507
-7.34368,-6.102031
-2.462505,-8.892359
-18.42379,-.6302043
-15.49769,-6.46038
-14.78305,-6.507126
62.84369,22.40506
8.151984,-39.48144
2.98714,37.35719
-19.76652,-11.93338
-68.68575,-80.02816
41.72388,118.6934
28.92876,-31.09055
44.01699,24.72052
27.56572,-11.85092
-11.13196,2.566849
-30.35193,16.68675
-1.932394,-94.0415
-11.32419,2.493414
14.488,13.18342
-11.62336,79.96129
43.36502,-27.1646
-26.82051,-33.5056
7.796494,43.56713
38.33805,-38.30332
38.13032,-.0096269
-7.051929,-12.22526
-3.113075,-24.8261
10.07883,1.843252
-15.05716,15.63057
-2.350741,-154.9112
-91.49854,50.29732
16.09251,101.0265
-1.684707,17.60825
15.71933,-2.663732
58.39181,-11.83098
.3307149,6.837708
3.421826,-18.42717
52.05093,12.25488
3.778648,-5.576108
-17.01284,15.97571
-39.31346,-5.121258
65.05358,-.4959029
-28.66308,-6.874503
-19.91977,-6.895924
-7.480896,19.81641
28.17281,-6.064835
58.3867,-21.96499
-1.548298,42.01031
-5.869675,-6.276506
-3.443068,6.393323
14.66264,46.72765
-7.246405,-11.66849
.9896271,-13.75069
-4.068297,11.37822
-10.89678,-6.915423
7.059355,-1.754216
-10.86185,-12.07674
-18.74785,-9.241234
4.972056,21.45385
15.12429,-5.367862
1.942563,24.27095
5.146518,-7.128427
-22.04253,-4.057591
14.60737,-8.723261
-9.667137,-4.179866
5.739261,-6.336938
-4.710711,-.2005477
4.471743,6.256933
-6.692417,-14.34238
-2.756804,18.56113
19.35048,8.212422
9.468309,-7.160759
-12.0432,10.90059
-3.653033,-26.02764
-.6756851,13.07946
-8.140166,-167.2904
2.333324,155.4338
-1.26089,-12.99603
-15.91089,-2.988475
12.72408,-2.084998
-29.70095,-20.22393
25.33134,15.07335
-6.687461,-9.793258
-20.03557,11.43992
23.24351,30.61192
-13.26593,-61.53586
-8.423367,34.55013
25.21594,-16.59329
-28.59362,6.261625
-32.58642,-16.97245
4.855844,-1.032341
10.14743,-6.714298
30.07405,18.55455
16.91454,35.90084
-44.57166,-34.0233
36.68943,22.19084
-12.26737,-6.346801
-5.620327,.2517168
-6.322095,4.836654
22.75878,.7288851
12.95273,-7.040802
-44.98099,-8.706643
7.938303,-8.045381
8.168966,-1.624531
-34.98854,2.766196
-30.20639,-17.63382
-11.34077,-13.2128
5.474188,-10.82026
21.9513,39.03465
-9.494912,-20.59928
-8.522779,12.39376
13.77363,-5.364614
-6.272032,11.06663
25.03724,-5.308941
10.75406,5.84136
4.553241,-6.041543
-7.105854,8.370101
.1775618,4.176219
6.845335,-4.372993
-80.22618,-65.73311
12.91076,59.07965
-39.14711,-26.45422
70.72776,51.65199
-24.44446,1.250557
32.70043,4.394161
4.725504,-11.27324
4.138237,9.204853
12.6088,8.785824
-3.631559,-20.33737
28.55428,29.19151
-.5191647,-10.3319
-4.782401,14.29739
14.45121,-3.855769
-11.6004,-2.232536
4.234708,5.576773
42.98105,-16.99649
19.46699,20.72964
4.357098,17.4671
37.55683,1.317252
-13.59201,-.2881454
12.1776,-3.175567
-6.589316,-18.33273
-12.33782,-11.97392
7.755705,18.19153
-36.59461,-7.507185
-44.99243,1.556092
30.65783,39.23565
23.84794,-17.25448
25.82766,12.95535
-21.30931,-13.88049
.473845,3.66164
-11.48084,-27.82902
-2.447387,10.05178
-4.389336,-8.470307
-5.340742,-4.069353
-16.06548,9.749416
-3.109419,7.591508
5.173167,-1.663952
-5.811676,-9.217917
-11.65781,3.368846
-11.65849,3.844751
-3.13628,-6.936293
49.39387,-4.94089
-40.55227,7.509504
-22.64461,27.26809
34.06238,6.92023
1.265662,-31.71043
-.5893298,18.63426
-15.71801,-20.86416
17.62642,28.15875
-58.11966,-21.35359
13.38999,-13.28244
-2.906085,-12.28426
5.24224,9.706015
6.886946,12.47196
12.20818,-5.921059
-.7191346,13.50403
.5431541,-24.55767
-7.047778,-6.732261
-7.747921,5.368848
12.70318,12.48312
-2.95019,-5.199291
-38.25406,-59.34477
16.75612,42.32489
11.03676,3.532726
5.159753,.088087
17.01024,3.427723
2.889462,-4.671681
-11.65781,3.368846
-.7828338,-.8072506
19.44205,1.025704
-15.97958,3.300405
3.565039,.8372322
-30.72911,-16.07982
-2.39593,-9.538638
8.122862,6.114227
-19.63865,-12.08474
3.575698,-.0650396
2.790422,-5.223411
-1.365757,7.545852
-2.433831,-6.84318
5.959857,3.181783
-3.500984,13.82804
-5.908992,2.94933
-.4971192,12.47095
9.753879,16.95849
7.169539,-21.88175
13.21438,-1.584299
5.350782,58.23402
9.210316,-63.52619
-3.286291,8.804255
4.345053,-6.806686
.9859535,26.22658
3.445192,-22.26918
-.0262514,15.06855
9.942716,-12.48981
-348.6052,-30.52972
-30.889,61.29077
259.9812,-22.43419
32.98188,4.463029
12.9876,1.016144
44.85278,17.5903
16.35883,3.690221
-9.336079,-14.17
-4.634933,1.424478
-22.29435,-15.2754
13.02473,17.4117
-4.344849,1.214351
-11.89336,27.12803
-99.90645,-17.13297
-17.48652,-20.09185
141.7783,-3.952415
9.199322,12.59319
2.874707,2.466161
6.574322,-9.927241
-8.58248,2.806367
12.71061,-3.675184
-22.5249,-18.98221
15.98253,27.40681
-.2830503,-2.112887
-2.07696,1.355963
-1.557751,-4.94899
7.572567,4.749902
5.656809,1.072163
-.3720039,7.280816
8.968911,-.2610595
-3.448457,2.856534
5.90297,-2.972703
9.712425,1.753543
-6.702535,.5210183
30.07548,2.52426
-24.46691,-2.796522
-.8434623,1.422439
15.83002,-11.26439
-10.85625,-3.263019
-5.644374,-3.665395
7.724491,-2.819244
-20.24125,8.006175
29.83753,-3.6699
2.871106,1.212563
-4.394969,-.6631883
-1.934806,5.024014
-2.467718,4.372685
-27.08035,13.07272
-17.75381,-12.65409
34.13294,-10.71448
-20.13368,8.060311
8.236596,-6.432543
-2.886588,2.362435
-35.18851,9.676331
-17.09194,-3.000808
-52.66282,-42.54623
68.43029,50.16107
31.91041,5.22526
-1.339398,-1.995717
-23.7429,8.913475
26.92304,-5.694421
-13.42672,-7.221899
21.60396,7.256824
-8.312373,8.08905
-40.11275,-26.12526
-.8907531,7.184954
2.087658,-9.646393
1.467016,6.832284
10.29575,-12.29218
-13.08879,5.525688
-1.352341,6.316301
7.386258,-10.86516
-.3896053,-.1087078
8.197214,.1032469
-17.55279,16.46397
11.95116,.5988674
3.905998,-10.69121
-2.083555,2.480985
18.17483,18.62635
3.927572,-18.75731
9.913064,4.710515
.4921084,6.228042
-4.709641,3.989613
6.666708,5.630639
3.131129,-16.72265
24.02136,21.49525
-4.236097,-10.21698
-.5419832,2.927906
-2.009242,22.38687
2.731529,-25.82658
7.851899,9.393291
-3.943093,9.696411
6.364478,10.07962
18.39921,-39.49743
-4.968572,5.656259
1.46802,1.441777
1.584673,-7.69102
-13.9373,-13.97545
-8.319265,33.9236
-2.792289,-42.5362
32.67318,15.01556
-128.955,-11.30306
100.0898,-1.163248
8.981826,-4.564326
-.7168971,-5.28334
9.382502,26.17611
-2.443856,-.0731106
2.620719,19.1581
6.560253,-33.90837
-30.37784,-15.94599
-37.70431,-7.523675
-24.60881,-2.358822
3.737499,22.49469
1.272284,-9.028468
30.00095,13.27978
-1.766981,28.02442
-58.16102,-77.76051
44.05141,78.66729
14.27916,5.515016
59.85375,6.903665
-145.4363,-54.77879
57.02433,48.55091
50.17433,-6.592393
29.15575,-3.788419
-9.10784,19.59602
-.8863516,-5.228152
1.492424,-16.47504
-4.459687,6.971019
-5.180942,3.442911
-3.394427,7.519062
-.8534998,-.1551867
13.28288,-12.36956
-23.50891,14.94158
5.140987,-15.18084
-19.53729,-5.282623
6.026662,9.085035
.6196524,-2.990962
-1.461969,-9.656449
9.240861,8.708014
-6.754855,-1.824629
5.233614,5.304481
5.52166,-8.253325
1.996899,4.491076
-3.494815,4.705204
.5318099,8.688662
2.504066,-7.937128
-10.06294,-8.814872
3.206125,-5.869705
7.014561,3.938035
-5.050986,-4.630804
5.921115,-169.852
-9.023462,-53.31416
-52.78902,-12.72186
116.1275,42.15261
-99.29957,8.677229
5.857327,-34.8451
-26.83199,-11.93291
-21.24909,-54.41892
36.76854,106.6033
-5.656085,2.758906
-45.89711,-83.03319
85.00896,.2354264
-25.59403,7.306114
8.307742,17.68369
-4.29446,-3.378269
-28.46413,-14.60404
-19.17008,13.82026
-9.485749,-26.18412
-39.38469,33.12997
25.62826,-62.58958
38.87632,38.08207
-52.39316,-8.636073
31.59415,8.51769
7.838656,20.35351
28.26542,20.46987
-27.37344,20.05371
.2702585,-104.2068
6.18483,34.08849
-36.14629,-9.787084
-11.45719,-3.902078
-7.113229,-6.265859
-21.10555,2.743078
-3.150729,15.29511
20.27423,-22.2401
-3.924552,-3.624323
-20.83225,.7786939
6.921669,65.20789
13.77937,-4.976891
-32.24376,-30.13396
37.89532,-.9851288
-12.16175,7.047337
17.11853,-3.54959
17.79791,4.805654
-14.91622,-24.63964
-4.893297,-21.38193
-17.29568,4.444692
10.77217,21.71566
-6.168913,8.114013
3.622243,8.7859
8.181873,3.018397
11.0656,3.021118
-27.47007,-9.202606
3.106461,4.459908
-9.894296,-8.320538
14.07331,18.89071
28.4591,7.478825
-14.9337,-12.3549
-35.86873,-3.942655
6.171755,7.657959
4.870087,13.0882
6.758527,-10.94349
-6.687405,-3.312807
-14.35187,-6.763281
-1.842099,8.454362
-8.980565,-27.05993
5.509594,26.57545
2.053958,-10.09461
-.8366196,19.67189
-39.29268,-77.33332
-7.127534,29.19029
51.3699,20.9303
-28.27619,25.98756
19.62045,-8.896609
27.32179,12.422
28.23894,-9.101996
-81.99726,-39.94638
-42.90011,30.99515
51.20373,-14.31505
14.70347,1.634816
-121.825,-19.65909
107.6905,25.85369
10.95308,12.98984
-20.68409,-10.21221
-5.312393,-.4350735
44.48873,-7.92376
10.32,-2.347785
20.46507,2.001284
-27.98117,-30.06233
-48.15692,-33.19969
2.678237,.1762229
-11.98407,-2.945349
.8362728,-8.762326
-8.930593,-2.004928
-5.683994,-3.342697
-2.966438,2.154546
4.404254,24.2713
-5.478146,-27.98914
-5.182766,4.685132
15.42515,24.06978
-7.611987,-24.20415
2.554141,-2.084764
2.210749,10.78299
5.964759,-12.36643
6.598539,.1193047
-10.15383,6.649522
2.667208,5.108449
4.898601,-12.28406
-3.245869,34.74748
1.634364,-35.93521
1.921934,-4.462759
.7560511,1.707806
8.063287,-.0101985
-12.44294,12.34955
25.48816,7.763811
-20.79009,-25.40907
-1.243236,-.3685372
1.778364,15.28961
3.716154,-2.335262
-14.95103,-6.050111
-1.615147,.9802299
-17.10873,-2.927711
-6.918946,-.373545
-6.985474,-5.327181
3.027905,3.652401
9.04561,-5.585453
-5.840519,-2.379331
-7.10463,14.01351
-2.086229,-2.707664
-2.457092,1.882181
4.844991,7.944932
-.3211846,1.318304
6.37512,-10.61504
-2.417167,-11.22118
-11.22832,9.568193
8.106609,-5.724688
-8.125377,5.869258
5.323103,-14.88871
10.27396,1.471037
-17.96977,5.156178
5.490461,.5608468
7.81826,7.834919
-5.460607,-1.113443
9.732721,-7.579138
-17.97916,5.205066
10.47541,-3.91166
-2.377378,9.668595
-4.507523,-4.802861
20.90862,-11.93207
-22.18693,2.32366
18.04526,1.57007
-9.11521,10.30557
-8.595169,-1.809469
15.32481,-.2184851
-14.68799,-12.43881
-20.53665,-3.122764
-10.3192,15.6822
-.6718094,-3.396917
-4.775292,15.09007
1.534538,-24.68194
11.67095,4.963167
5.120587,4.058191
9.983331,16.04529
4.843015,-11.93634
8.049864,1.739475
4.553534,-7.986423
-3.807085,-11.75712
-2.184419,13.94924
13.65219,6.698044
12.17516,-8.614019
-8.607949,7.655016
-11.67262,7.027851
21.73118,-5.630485
-10.55613,-2.840881
-4.162371,6.00276
38.399,7.371914
5.735198,-8.423484
17.67114,24.57755
4.486097,9.947
14.61913,7.981487
-18.77614,-23.13808
-7.053586,2.5423
-2.776218,-9.479046
2.110675,11.05276
-10.39137,-10.52858
-8.38,-13.5357
3.612833,5.504637
11.16891,16.18618
-.4640816,-10.35256
-6.443678,21.53048
6.760523,-19.31227
8.931246,21.88804
.8670481,-11.8981
6.022751,3.238281
-1.306168,-4.757139
2.090937,15.88293
14.99648,-9.425507
-5.635198,11.58755
11.41117,-6.208098
9.481761,-7.002567
-5.184484,4.836348
-4.170386,-4.218765
11.52995,20.39258
-7.878792,-7.014455
-1.802401,-12.7735
-128.7528,-43.02526
64.86649,2.864364
8.627573,4.915682
-52.752,-51.59921
64.22266,58.66144
.1650571,4.810222
12.57376,-2.883568
1.056177,-2.269633
10.36141,4.674759
-20.22339,-9.27413
-1.043399,-7.743257
11.36155,15.76815
-7.557878,-.8953084
9.840401,-1.90633
-.0638963,1.181829
-2.24759,-1.075473
4.334586,.2381312
1.999924,4.987806
2.529965,24.91683
39.87511,-25.12215
-44.53647,-1.008774
-2.556123,25.06918
1.470502,-32.91567
23.50983,22.63383
-30.95408,-16.91011
5.100091,-3.890796
11.24663,7.533597
-5.041964,-7.125739
-6.512949,9.938309
-33.00006,17.76491
12.60053,-9.737703
31.38779,-37.15543
-69.32325,-42.99958
-41.91574,13.43645
22.52806,-19.05948
17.75159,108.9828
33.64566,-69.60288
23.28831,65.27477
-24.86781,-40.8296
-46.04673,-64.84752
2.911133,55.51405
15.14265,-21.44053
27.62424,9.977057
-23.99089,-.4277145
-12.75085,-.3413151
.8129316,-.3121819
-4.473387,-2.113968
2.823859,19.61542
-6.425441,-25.81658
.9386882,14.61126
2.646048,-12.07417
28.03817,23.87384
-6.197072,-.9847135
-21.57422,-15.04675
5.713313,-6.590243
-6.188166,-5.300711
-7.105774,3.360525
2.206102,5.723333
-27.74514,-24.44104
12.95901,-14.87763
-26.31442,1.060601
-.8466794,-5.097396
-14.3911,-7.072702
39.86836,17.33847
-81.45508,-17.03085
36.95564,30.96643
5.07961,-21.16621
14.35155,-17.62066
-57.60289,5.209908
.2606518,41.86136
42.80418,-8.085802
-84.97325,-42.57011
47.41632,7.971725
-9.159392,-6.17026
-15.78391,.2408109
-1.235722,2.474713
48.8198,2.557705
-25.6664,-6.12491
-1.618757,49.94246
27.22256,-25.70229
17.76731,-20.90374
-99.16531,-.2289216
94.6898,.5410845
-240.495,-4.553503
-2.170989,-.233036
154.2827,18.38611
-22.89675,-19.53276
12.41729,-3.177489
-10.86883,-3.971857
-15.22836,-5.095802
-9.66487,-13.22922
-14.33614,1.999805
-6.182257,1.410144
-3.159635,-1.597048
6.532014,-11.0501
-35.08834,-13.25807
25.715,19.14665
6.989523,-8.108044
-15.10465,.9986598
13.54613,14.01692
-3.71134,2.008024
6.688109,-.7925798
10.96722,-1.003538
-.5881261,-10.67389
31.39117,4.145889
-41.15499,3.524696
-3.133077,-18.83553
-3.008256,-.6478536
4.63557,.1732547
1.161651,4.423024
2.11867,25.33775
-7.501494,.4489963
-2.895184,-22.26265
-2.003442,-6.075972
-1.141979,10.59083
-.7769337,-2.36463
-6.094585,-.9889063
-7.546781,-8.518764
-21.58898,14.29145
49.67803,-4.927418
15.88,-.8965819
-41.59518,-8.948732
10.37259,.1953982
18.74295,-5.937077
-9.686913,.8537053
52.12787,-7.192083
1.203886,4.798489
-73.55359,-10.39098
65.94326,-5.759792
-70.64552,1.750896
5.904752,4.586977
-14.2251,-1.211435
76.35721,-10.34731
23.16954,22.02711
-16.66501,4.582738
-23.85441,3.848278
-1.662219,.2376385
8.622415,2.136662
-.6287082,-18.64933
11.1826,14.67057
-9.448141,4.532538
-1.354535,-4.135946
.4522346,-.9604707
-4.533023,-4.694134
3.395209,9.938309
1.77853,38.26771
115.683,49.51293
2.31832,3.550914
-26.55597,-33.5399
23.30808,41.13395
-6.386666,2.729517
-1.7012,-5.419894
-10.72813,-16.64607
1.871522,7.39138
-.992206,-11.91873
-17.73978,11.69047
4.983966,-9.857063
3.303407,-4.064822
-3.632726,-3.759578
-4.697483,-4.157124
-7.025713,1.258128
-7.131248,-1.22937
17.34648,-2.398583
-10.95767,-1.3843
18.9172,2.657803
6.398694,1.553617
4.376246,6.319796
-11.19321,-14.25758
.5770862,4.103085
2.281709,8.586109
1.625264,-7.60657
-1.979338,-4.928102
-8.348248,4.616738
-78.92544,-102.8682
2.24061,-3.823455
-4.263821,-.3980401
-9.989978,13.75639
-52.32705,-63.31089
1.576517,8.924312
-9.751357,.5445848
24.35806,16.71557
-26.26251,6.922427
-10.09105,-.3721318
-21.61382,18.70733
40.12275,10.28304
52.91214,-4.513489
-65.37547,-8.438617
5.714019,5.270103
13.41536,-19.17557
-27.51414,10.51213
-39.46267,1.99308
22.67928,-21.67949
-4.00394,32.57495
55.10642,-7.527184
-20.21004,1.75833
-86.91659,-40.96726
-8.427765,14.59092
132.582,-.7687379
-127.2382,1.981531
-15.93076,-19.63929
71.22035,20.3871
32.90376,-51.46842
-93.83789,32.87012
10.37113,11.01725
-104.8215,10.40532
20.70521,67.83028
52.19696,-1.994121
-70.84136,-162.315
86.21445,98.33744
10.03314,12.21508
11.99642,-6.737335
-30.56124,-1.157382
-9.73243,-14.49605
16.5605,2.611795
6.81976,13.46625
-35.69801,-20.98846
53.39911,36.8832
30.85939,3.005627
-4.912706,-6.501125
-14.16951,-.7375612
30.30189,36.26698
-1.135777,-18.03409
-3.969549,-2.955568
-.3177678,-3.845886
-8.790411,-5.295834
7.121278,2.350817
-6.605377,-.6767802
-4.28461,3.202028
4.765885,-4.127508
21.56801,13.60142
.7872406,-4.715104
12.08444,8.00032
-13.21447,-20.89213
-1.798907,11.8016
8.639937,-8.22803
-8.386059,-4.06646
-5.362178,-13.26992
-.5140248,10.73719
-16.18845,-1.481308
9.15467,23.0435
-10.09105,-5.69606
22.67842,15.22015
8.655944,22.52101
-31.50948,-33.68067
17.41251,36.08281
23.48761,-30.16259
8.231214,57.06123
-17.20975,-30.14809
12.67674,34.68232
-16.36993,-58.48669
6.712831,-2.598964
-8.592111,22.62348
7.116203,-21.16448
-11.42516,-40.46603
-.532312,16.93069
6.911622,14.78019
-1.903863,-21.63809
.6695072,21.72843
.375622,9.346678
-9.001534,-2.946586
43.45699,-12.46474
-5.278315,14.78644
-4.724974,-11.98372
-17.38407,7.809643
7.465221,-24.17711
-8.450829,11.34809
-2.466674,-10.01025
5.101406,20.63804
1.151916,-18.32564
4.95469,-12.11964
-10.45176,20.4964
-8.567751,-6.839532
1.418159,-.1858712
2.304376,-2.017211
16.63547,8.086461
3.94267,-9.852977
-4.092809,3.048384
-1.658649,.949878
18.69595,4.975647
-2.062092,3.184436
3.226204,7.609935
3.864834,-6.104288
-1.508747,-.5392686
8.862388,14.88523
20.34199,-4.896014
-.7423534,-6.339269
-7.41539,10.38098
.1036817,3.633239
-6.20592,-16.4565
21.15427,3.386848
-1.070798,-3.504458
4.160979,-.6270652
11.32521,-.7389832
-10.40163,-3.290586
17.51375,3.136886
10.99077,17.92558
-12.86433,-17.63749
-5.489607,-3.279052
-.1087328,3.537514
-6.384909,-1.881008
-.0653574,-301.0482
-4.41949,312.1501
-4.208632,-9.147383
17.38707,.1338464
-21.49927,-.6550045
-10.59695,-.1138212
2.33044,-7.647323
2.356178,1.089044
7.241169,2.785913
6.836624,-10.73188
1.699454,1.957139
6.995825,3.996349
8.842895,4.828703
-4.510006,3.520209
-.5791031,-1.652127
2.325355,-8.352834
-1.511875,-.7016577
-4.091451,-.0189866
9.412975,19.84221
56.81776,-25.05311
-1.956421,-4.865876
-25.39407,-11.05008
-36.59939,-1.30761
51.11997,53.17524
-4.855695,25.63605
-9.626111,-101.6573
-27.64694,40.44083
43.68928,11.87766
-8.38,-4.758091
14.05231,25.53864
-25.03767,-50.30422
-18.36051,-11.05222
16.21813,1.173659
7.599811,-17.03894
32.59012,55.74775
20.65584,42.37667
-19.32056,-41.32376
58.91137,47.03309
-20.48973,-6.562377
-9.683293,-16.21235
-28.79446,.4538089
32.76858,-23.49901
-43.0531,8.048799
46.49591,11.39524
-31.79447,-2.269386
36.66788,54.54528
21.8098,20.70111
-54.89475,-30.69102
-9.322902,29.59442
-8.414622,-19.74718
-4.596537,-24.77956
-8.329755,-2.118279
3.254436,-15.89602
.9732933,28.30113
-6.917549,4.880063
-10.24548,6.273191
3.094025,-67.60635
2.293861,.938648
26.03818,66.20191
-16.22456,-22.39457
-4.038659,17.6439
-19.34074,-41.65517
-3.740024,9.12601
1.934306,-5.979867
-16.42747,12.42828
2.851668,10.92684
-173.9582,-129.8703
124.8856,87.35028
95.14227,39.58905
-9.831832,-71.80664
-51.70226,30.542
-11.40792,-.5447943
30.43837,-30.10122
-26.5911,20.85093
18.86259,8.310076
-4.807486,-1.370592
-7.056933,38.99867
-17.13832,-59.28523
-3.57523,18.64622
2.284344,11.76172
-55.47702,28.94399
46.30455,-6.708137
.3774958,3.930257
6.325897,.9125968
-1.375026,-9.328698
-7.778678,-.327863
39.78539,18.50702
69.84804,6.663501
20.25277,-8.494357
21.6657,-3.409441
-29.88739,2.44218
-42.86558,3.711955
-4.832654,-38.64287
-4.860998,-.0519383
4.666794,3.429255
-61.11261,3.917279
-7.758265,-5.163167
-75.54709,8.179742
65.36637,10.58116
64.39223,16.03524
-65.74776,-19.63951
168.5273,44.80649
-112.0331,-47.33926
57.09763,1.952792
-64.22482,3.072922
-125.4025,6.773298
10.32211,9.272795
-6.955591,-36.0485
-.6433656,30.72404
2.800583,-20.09491
-13.64427,36.01591
-6.8967,-15.39879
15.30047,-21.11572
15.92727,-24.42386
-38.47387,14.04565
8.093797,-16.0448
-13.37572,7.692797
-45.37152,21.90637
-.9012011,15.9665
-49.86634,-37.00029
-5.093341,19.41398
86.69553,-8.372435
-16.79632,2.370965
27.67191,26.52395
15.24057,-22.24366
4.391266,-3.401273
19.8497,7.193503
-21.02636,7.546624
15.72373,-1.447793
3.660254,-1.073273
-35.00322,-15.76155
29.66159,34.4303
52.63893,1.019792
11.10264,-.6119347
-13.95313,5.856109
111.5079,6.876408
-15.19397,61.82564
-14.13727,-231.9332
-87.99201,56.14336
12.13728,101.8949
-.9411694,-10.73431
-54.3094,-96.59352
88.98244,103.9359
4.586475,46.30886
-75.4728,-62.35096
-33.8574,-149.1227
146.2294,171.9282
19.95641,2.095531
-14.27642,-13.75928
7.466217,10.78464
19.3108,20.41856
-3.6017,-9.634204
-17.25765,-18.30651
-3.23915,3.322486
36.26408,19.69606
-37.82299,-33.19498
12.29077,17.05275
-.5562583,5.568478
-1.789985,-19.15762
26.18351,6.653956
-26.75715,.6381803
10.01544,10.41241
30.406,7.320252
-37.60135,3.784639
-17.1863,7.402042
-19.01081,-4.471016
-14.21756,-2.383562
4.858718,-4.042116
-2.906029,-5.008511
-.4295568,6.409586
-12.50972,20.66992
.5078933,-31.90699
12.19052,11.16961
3.398296,-10.34929
7.506583,8.202209
-6.191881,-10.0657
-3.232074,-5.282623
-22.12584,-33.60917
-11.86768,9.608174
24.36152,30.50835
-7.944166,-4.371521
-10.26399,7.25458
-48.95801,-46.39867
45.35642,78.18703
-4.190641,-9.509315
-5.175527,-7.221138
-43.46332,-39.84485
29.94775,32.23368
-16.1254,1.243599
-6.768174,-6.175182
4.815834,11.27255
-5.850255,27.40884
10.53091,-31.82108
34.43983,28.19705
-25.28428,2.966136
17.13363,-28.3198
29.72145,1.504503
16.16723,8.056004
-27.21272,-18.97656
.1758188,3.986498
1.441573,-13.8645
-9.320262,-1.204265
61.31427,4.112041
-62.88607,9.631311
16.81189,-10.36008
-21.26631,4.330678
.5905578,.1338464
1.588169,12.40007
-.9675156,-8.399511
-9.069407,3.835184
2.582883,2.886846
-3.233148,.9881117
-4.184554,-17.27761
-2.649057,25.51891
24.2832,1.516883
-10.18684,-14.14218
4.04565,15.97911
1.758613,-.5144225
-8.974718,-3.155691
75.33999,-21.79267
-77.54739,13.68785
1.152566,8.392596
2.983485,11.52526
32.13667,13.68481
-13.7913,-6.506024
.94841,-16.81587
-5.451427,18.03369
-5.701939,-11.97028
-5.180942,-7.192891
35.38213,13.25604
-7.352714,-1.816831
-17.52385,8.518641
3.788684,-10.48622
6.910946,-6.818783
-30.54458,6.157221
-6.835076,-16.94618
9.365582,61.14203
-7.915822,-64.61402
-7.927024,14.62178
1.46234,-7.016232
12.12238,70.23823
-1.377626,-40.90942
13.32977,-32.09808
-10.90561,60.89038
30.25696,8.131171
-16.30116,-57.07286
15.28276,-14.68377
-18.67352,4.027666
27.80598,-3.643061
-51.76913,.8180149
-8.402125,10.75788
-29.51964,-8.231202
-3.026763,-5.911773
6.247087,3.378325
12.97498,-4.318875
-10.44976,.4104322
-5.226829,-.4800352
-.7882146,2.908
-6.103377,17.82259
9.271265,4.669788
-9.150792,.029153
-31.34719,1.21569
39.42405,15.70924
-7.486909,-35.63392
-10.59116,-1.257649
20.89932,24.22993
-39.06818,11.25122
-28.03581,-30.87349
42.64522,1.639357
-74.42221,25.65058
-3.028366,-4.94899
54.68825,-18.55949
33.10049,2.067196
51.78036,21.5909
-26.16392,-14.57114
-4.216103,24.76356
6.014911,-2.56537
-2.729914,-.2267199
-10.99486,-20.21228
8.131952,10.51193
-20.70935,-.5258889
-7.894718,-5.961503
-26.9873,-24.69112
16.73956,2.71544
-39.59777,-5.840787
1.062629,-5.919446
35.19854,-1.519859
-18.8231,.9775021
-1.838927,-2.287699
2.941938,-4.088417
.0363291,14.85984
2.623904,-3.33317
12.48781,-.9665588
23.47472,-.1164666
-20.89995,3.595842
20.19608,-6.467405
1.293522,10.95762
-.7643373,7.845372
-.5936728,-16.74216
-9.438048,1.22592
-8.901093,24.37417
1.844694,-6.706927
-115.0822,-72.95605
-248.7447,-119.8624
80.90996,131.9087
124.0925,78.74464
51.69706,-24.66214
-7.338309,-23.31857
15.24021,18.96023
-34.29084,-15.54762
-1.660406,1.239997
17.44652,15.34735
-12.13171,-2.65164
-6.043521,-17.68906
-3.645155,-1.207065
8.033617,1.635197
-14.58043,-26.80749
20.13136,40.1535
-9.623571,-12.96731
2.272691,4.840576
7.36598,2.998451
1.137489,-1.327599
5.50814,-6.711973
-10.66373,-9.285644
12.17835,14.37212
-11.32812,1.078738
13.05921,12.03938
12.73068,-1.975938
-6.645475,-7.266446
16.04901,13.17814
11.86582,2.261187
8.952135,8.944113
-8.355118,-28.05966
.5003455,4.706875
-3.342373,-3.984317
-2.75729,-2.50199
-12.01953,-6.519479
-16.44326,-26.8509
2.038718,8.699556
-7.737165,1.565645
54.35096,-13.42562
-19.55485,3.374047
-7.201373,-.2031985
-10.12608,-6.463235
23.93227,-2.373177
9.674927,-6.921634
79.71484,26.60896
1.784509,-6.636901
-100.1142,8.576022
76.06686,33.53725
46.94122,-46.77647
-146.4387,-10.4513
87.12132,23.9145
-13.17442,-14.68869
-6.787978,4.320331
10.04471,-5.281934
11.1797,-1.746036
-35.01158,-7.788082
4.969817,13.64224
35.61034,5.415645
6.817327,2.624994
84.75272,2.927261
-87.10046,1.673792
-161.1179,-9.575353
152.018,14.14355
-8.114704,-7.417808
17.9495,33.49552
-15.0463,3.964841
-1.79039,.0409712
-44.18164,-34.21798
-55.06437,44.84103
59.89001,-37.06362
-70.457,-40.12441
54.36299,69.14852
-55.78809,-100.9255
6.986327,26.49018
41.85184,66.75217
15.88141,8.7854
3.9848,-15.45588
-18.75167,-7.994367
-.5804666,-7.373441
-59.88827,-.8052301
31.4745,6.922288
-27.33251,-4.56075
18.32538,-28.64082
2.729184,37.71151
20.17659,-2.685232
20.2446,12.35133
-28.01249,-5.574263
14.03597,-.0859728
18.05329,5.290974
17.94423,1.418041
-34.81152,-18.3515
9.631067,7.623099
-10.92415,-1.794227
-8.448852,8.655699
-10.23903,-26.38353
5.942091,67.25132
-43.29606,-34.21355
30.40351,47.93793
.4716889,-53.62025
-13.89283,11.56916
-38.82911,11.20835
-5.717981,.1979747
23.23682,-8.741808
-2.311544,-.7573929
54.21343,5.321199
11.04124,11.35074
-15.80265,-10.05134
10.35595,1.1642
21.56881,-.6624997
-11.42845,-7.627374
3.840139,10.28554
-10.12554,1.822795
-42.23808,3.920466
12.7721,-5.752222
24.02397,4.924977
-7.310935,-7.280385
-11.80009,-6.993869
-16.03508,-34.33041
6.946434,29.02919
11.69523,-18.57502
4.690953,.3673961
.5434494,4.714786
2.691108,1.854273
-9.680003,-6.628732
22.25805,10.06171
-4.725565,2.971076
-32.16679,-15.47967
-7.445105,5.45954
-9.365961,-24.23557
.7954563,8.72488
1.886057,-4.289903
6.999751,.5925599
7.539779,-1.283192
-12.84356,4.404011
1.745492,1.732411
-6.702806,-4.732309
3.117989,-.1312573
24.41948,25.55811
-7.370012,19.21861
2.184899,21.59554
-1.218404,-27.49697
9.734595,-1.494932
-4.56995,-14.00437
.0427126,15.80446
3.545423,-10.62684
-4.196052,3.441325
12.36139,18.69016
-22.66532,-13.25418
-1.354802,3.385175
9.41094,-10.49149
18.05017,12.35977
-3.584778,6.04181
-1.255212,-.8786488
-11.2282,-2.364568
-3.205176,-1.481687
-1.686081,3.048289
-6.465304,-15.68664
1.069867,6.343246
10.18321,-7.941665
-13.90227,10.33885
-3.469462,12.53603
-11.0912,-11.29506
-17.92419,-8.219322
-10.04571,-10.52674
-.2681612,-1.902179
9.806812,13.96975
5.61341,-12.66056
-1.702992,2.334123
-2.381194,-.8605759
4.52422,1.683471
-12.38643,17.48864
10.87876,-19.79224
-28.8434,-.0329032
.1595753,6.948668
1.767749,-.6793406
7.254615,-2.790385
-9.618261,8.905509
6.484102,-8.708797
-5.06326,-.1391937
-4.828306,.0842641
2.017297,3.777228
-4.859437,-.5665494
13.62137,-.7294835
14.21135,39.50595
-34.19613,-21.44807
13.12247,25.31855
14.48998,-3.233925
-3.96972,-10.79998
23.31456,-10.79788
-28.89109,3.420835
19.80004,2.341491
-4.656331,18.88904
7.152712,-12.35465
-.6398093,-9.85003
4.156998,12.72704
1.171366,-.808978
7.028696,-3.842184
-9.805922,9.589651
-35.35415,-26.28836
-69.06808,.3318139
16.41409,-4.94899
-3.774337,3.754869
-6.739386,24.38155
11.07674,-47.72382
6.327553,21.89317
60.71278,-15.78295
-80.91145,-.5851071
-7.871758,-8.394523
-4.280331,23.70469
83.88471,-8.825208
72.57529,12.52314
18.50031,-40.12762
-20.3835,-27.24478
-32.62648,-9.400506
-9.710805,-5.019149
-6.028529,-2.067657
27.6643,6.527343
-23.93182,26.64331
3.498032,-12.54095
-24.21408,19.63516
15.50934,-19.06024
-1.44243,-19.1704
-6.86595,-.0056469
25.99291,3.583669
20.02426,-3.398551
-27.22542,-.2386966
16.61653,10.23728
5.070019,-10.56105
4.68388,7.65843
-4.561115,-6.462992
-.0639935,.5041201
1.371593,.9777668
-7.085652,22.30078
2.11867,18.48386
50.43227,3.00197
-33.91239,-8.033405
4.796035,-.1068867
-10.15836,1.027505
-.7771061,3.142095
4.279679,-2.294397
17.81331,11.57568
-15.11931,-4.638039
10.7706,-11.29964
23.62354,3.44231
-23.43727,-2.38067
6.988835,-2.573482
6.1898,5.979277
-7.778812,-9.965034
7.3526,6.311141
-.6219779,2.158644
3.84985,3.837403
-6.336723,-5.369263
1.23823,-6.739258
4.805635,-6.233675
-2.0157,8.577893
-7.173374,12.31303
-1.105046,1.718495
11.41113,-7.734604
-2.935075,4.41669
2.407042,-5.367682
.9801041,17.05785
10.00374,-35.89753
4.927788,28.89024
-12.92534,16.57846
-1.73874,-15.03385
5.25313,-2.456838
-9.001534,2.497819
4.89074,20.66449
-.6781554,-7.324142
-10.16132,-3.286383
-7.2756,-18.39993
-14.13247,-6.820482
14.84988,21.17009
-10.05069,-24.54157
9.404529,6.650225
8.660214,-15.87349
1.98058,1.825992
11.49685,6.618891
27.08817,-5.332449
3.265212,.8152221
-10.95547,-3.544157
14.70849,10.83868
-40.16573,6.25055
-8.686613,6.387157
15.12615,-12.272
-39.37102,-20.26401
-10.18919,-.8988364
-3.882035,16.23662
70.46426,-20.21043
-4.265607,-.6308731
-2.946301,39.04549
4.440593,-13.98639
-12.814,6.900732
4.738229,-9.009362
-12.31135,-36.12255
-10.54243,22.38653
-.664748,-5.612953
55.96412,47.29214
2.863514,71.39183
29.49467,-3.882276
34.14316,42.9841
-7.144165,-45.98018
1.514264,1.603838
29.20768,13.70404
-26.65391,-47.39042
-10.86887,38.18736
3.094103,-4.735727
6.391182,.9248596
-3.222015,1.175085
9.759368,-5.591333
2.509889,6.35162
15.07817,-12.92349
-10.83109,6.419263
18.90448,6.904189
-23.13854,-23.84056
-11.5547,-24.59934
-11.45849,28.40945
-22.52098,5.224936
7.855548,5.422195
-1.234019,-34.67057
-.4112012,14.3674
10.17297,-2.568162
-81.4244,-.2544815
183.4959,-17.33143
-34.7848,19.52678
26.12429,-29.81133
-4.632652,51.74949
7.748725,-22.53209
-8.196527,36.47048
1.108619,-20.42659
15.8395,14.89259
-30.40723,-18.73683
-4.130919,-5.364553
2.665142,6.589305
-2.857575,.1775342
-6.969547,-5.365172
-2.968436,-4.212839
-.0741635,12.14739
3.923179,-18.70705
3.17327,10.49558
-2.770503,3.294602
-12.79484,1.673272
35.88133,5.266954
-41.04933,-5.223843
-14.30575,-65.27872
16.58822,57.85831
-31.63433,-4.845963
35.28174,9.686495
-10.80106,7.349738
-55.47778,-124.5376
45.93865,135.361
-2.507865,-21.09745
4.169428,-1.510784
10.29638,3.404366
5.493401,-8.623129
-2.758991,-6.37424
11.00023,19.08799
22.53197,-9.31832
-5.680267,-30.01447
3.353967,-23.80043
-8.595169,24.50144
-1.737737,-6.807008
3.07879,13.27684
5.725482,-35.16597
-12.22054,28.40201
-1.763582,6.532759
6.39125,14.60799
-15.9538,-5.744766
16.70621,8.577638
-39.89317,6.012782
-109.0175,-80.69276
200.3129,30.04979
-43.69367,23.07542
8.713056,-5.480485
6.519398,-19.03492
1.440914,21.82986
9.134599,-14.30988
8.910432,16.34957
4.696254,-7.543176
1.319662,-4.432995
-.5144985,-8.176199
-3.537049,-7.46927
1.600689,10.18953
31.71629,-34.55198
-7.962662,-13.79824
1.28745,-.598056
-.4589593,.5072895
-3.889745,.0157396
-12.37674,18.90885
-38.51957,-28.94416
-22.12179,-10.37107
54.61301,33.33863
7.923606,10.3112
-5.888546,-7.76267
-7.053013,11.85372
-3.375893,-7.842334
7.343112,-12.52185
-.0782406,5.121309
-3.637012,-8.400131
24.31805,13.60294
-.6769392,-1.447613
7.430421,8.708016
-1.817999,2.229344
-4.955346,1.923647
3.034003,-6.740187
23.38412,.891943
92.41688,3.980048
53.05831,-12.66594
-60.98492,8.475464
54.18711,7.86797
-10.94383,-14.58538
9.231049,-11.98158
-60.62548,15.20369
-24.07761,-21.90684
-22.13816,-9.480488
-47.46075,-85.59798
-11.91501,19.63234
87.16792,100.0021
7.56934,-26.7045
-11.39045,-4.700469
-33.3965,-7.105666
25.59093,-4.406462
-10.22646,-25.9623
-75.50115,10.19598
95.30692,34.72507
-87.96989,-8.247825
61.411,-25.32161
7.552736,9.938361
22.47449,53.82856
20.87131,-16.58551
3.964424,27.71721
-9.896759,-20.86938
6.239737,3.855175
-8.366076,33.37473
8.182181,-31.2972
-27.47544,-36.91243
32.2164,32.53775
-8.183336,37.45275
-2.908076,-20.27891
-1.900493,-40.33226
-6.531129,-3.871368
26.31823,26.69271
12.73854,-11.53584
-17.02675,-.5978321
-2.421695,10.04493
5.198842,-3.263019
-8.182361,-32.47443
-4.691447,20.66606
6.725447,-6.737154
-11.47971,-2.451675
8.842726,-6.666725
-12.34227,11.96954
6.895429,-5.067173
-3.831583,-11.75493
-.6848327,1.988165
-.7608225,14.63927
.9481273,-10.97824
-40.79974,-2.98725
37.70485,-12.47059
10.60534,37.85012
-16.15193,-27.28641
-10.76118,27.40171
28.22271,-18.25518
-2.75364,-30.28812
-24.99905,52.5654
32.87763,-36.99925
3.350523,7.554029
1.420467,8.39919
-9.133518,-9.684744
6.192645,8.576189
24.53428,3.551668
-14.51132,-7.656049
3.722102,25.24841
.0963261,-27.00276
-8.628491,-.9962444
-52.11585,2.771724
38.99552,-2.334535
1.437703,-.5665924
5.093534,3.20678
-10.18444,-13.64783
-.7799778,13.31564
-2.272134,-2.082319
-8.81988,-6.171022
-4.956447,-5.475632
38.8024,2.000362
-34.96353,-.81041
6.054694,14.89638
23.73812,-8.207959
-27.073,-11.69587
-6.060429,-.0552764
-9.987779,4.461106
-2.73644,-6.983348
3.675227,11.47729
12.52206,-1.561277
13.48928,12.13193
-8.898822,6.158461
5.953125,-12.48177
-2.068309,3.191419
14.00059,2.630875
1.060824,18.49151
9.522981,42.81225
6.570244,-12.28314
-19.22298,-41.26157
-13.2979,-3.99677
-11.07369,5.788928
.0776738,-8.408235
-9.827979,1.93959
19.89299,1.78389
11.82927,-4.543163
-22.55806,-2.692853
.4531974,6.440884
15.97028,3.724004
-13.40209,-2.427622
9.821748,1.460417
-27.98473,-15.66516
30.62233,15.12648
-48.469,1.371801
-.5567209,1.614909
9.396899,4.11478
4.554196,-4.993271
8.211032,2.104154
-6.062775,-494.1616
-6.09549,499.095
14.90574,2.414311
-10.9744,3.621974
17.9736,-2.671622
-21.87053,-3.835735
4.651061,1.25458
18.9105,3.722091
76.68155,11.48457
1.087846,2.009796
-25.9844,2.868121
23.49752,12.43856
-10.78537,-2.195437
-8.679115,.7977126
8.991171,-39.27819
-31.87713,13.92687
56.70506,-13.4843
-9.45332,-3.193764
1.010345,29.78276
58.4618,17.03955
56.66217,4.868399
-27.69523,5.922433
-14.66944,-24.53139
-6.461621,1.056146
29.17753,2.24963
-5.300654,.9752967
-3.320531,2.672165
-4.271937,-13.45719
-25.0508,65.47052
20.77249,-72.49522
-34.18024,9.504165
-29.22603,11.62818
22.59529,-.11666
-34.70089,24.9088
44.93039,-2.832589
-37.08447,-58.52409
137.7921,58.2547
38.19436,7.040684
-24.26557,-8.921203
2.293799,-1.104439
-14.89007,-11.47583
28.5469,8.727968
6.075058,27.3846
-2.099602,-12.80491
-2.202309,24.14684
9.105287,3.262941
-20.68042,-28.73577
-8.49216,10.72097
4.02407,40.51005
42.88758,-54.78028
4.601158,-14.18338
-.3212691,32.18587
2.074364,-31.79426
-33.95758,8.266294
-8.436164,-5.79973
-11.01663,.6919026
13.96022,-18.39639
9.214553,17.067
9.348578,2.190541
11.85957,-1.305849
17.15635,3.809963
-11.06164,2.992399
-22.21141,-2.730677
30.68249,-2.900899
-5.239327,2.949382
12.99258,11.37462
-77.6225,43.27798
14.33225,-1.726739
-9.879637,-2.914296
22.31282,-144.9286
1.122655,163.2444
-1.631507,-16.41984
17.98543,5.207031
16.3076,.2939525
4.350921,22.65735
-11.0501,-51.90921
2.084991,19.16914
-200.4099,-194.3341
163.5048,139.3299
-3.794281,31.82973
-121.0522,-41.82677
-138.952,-217.1396
271.6874,256.6716
1.598633,-8.66519
-10.21982,-4.468376
3.374552,28.52101
34.81559,-9.351949
-18.04415,3.465064
52.92711,4.714955
-28.73201,-19.31741
-71.83793,3.805411
57.94571,17.06466
44.19451,32.75644
-52.3323,-54.52356
1.061935,5.925799
-11.41155,-8.413187
-.6544008,5.200829
-1.761619,6.82091
13.17277,-19.48337
-39.08595,-19.59529
18.54407,7.373701
6.586256,5.117166
-13.90986,5.50686
9.503238,-9.573046
-11.55055,3.877811
-.669526,4.648905
-4.033725,8.76924
4.423417,-12.20166
-.083211,4.936035
7.058528,-5.014636
4.664274,3.879647
-9.67668,-181.0429
.9539552,175.8714
12.95862,4.102115
-20.04638,-8.444077
6.643424,-1.241253
.8853974,-3.403139
-7.508338,.831442
-93.84197,-24.14283
80.45368,39.49566
-16.87546,-5.003198
1.905929,-.2576479
-9.476621,-3.112828
4.790319,6.64293
39.88265,53.13755
7.628915,-5.663496
8.958013,.4220391
-19.57755,-10.3969
.8890172,3.471563
-23.19188,25.47075
7.994969,-31.00182
18.87243,-7.333208
-22.75537,7.242612
1.411783,-7.963943
-20.57821,21.50945
-9.590672,10.50066
26.26617,-23.68608
-1.372601,-4.004547
-2.087094,1.283845
1.690701,23.40124
-23.08316,1.476712
70.14256,-26.05879
-14.62737,4.724763
-3.937745,-3.520382
-.9754516,-8.472974
19.50295,7.35415
1.215219,4.34808
-5.773741,14.40838
22.73286,11.95432
-26.95876,-25.91066
-58.00021,-66.6503
51.63015,79.91688
12.96727,-3.827968
2.445332,-14.61321
1.783292,1.383856
-18.30104,-.2976819
6.232625,-5.099852
-16.21421,.5585846
24.31901,-6.806697
-7.900999,6.258034
2.895773,39.08032
-16.5672,-5.801349
15.26343,-31.76698
-8.73482,3.145523
-7.278296,2.535852
12.22671,-3.928869
-3.839292,1.053401
16.47717,3.665982
-.0410208,1.789897
-52.90569,-27.72663
79.86573,36.53972
-20.0111,3.405916
-145.442,-43.10012
76.12414,42.04538
13.81105,2.136886
3.527594,1.448172
17.11802,3.730702
-8.14928,4.539162
.4820366,-4.515951
-.5250091,-4.239229
4.348451,6.253969
7.733666,6.65955
-13.09286,-.1705909
7.661342,-6.976831
4.566915,2.344522
7.136147,-4.103623
-14.40452,-3.372648
2.596441,37.75528
18.29818,-8.022547
-9.583247,-1.613978
11.13248,-.498501
-.7806985,-1.553034
5.95013,7.219683
12.41693,-8.843379
-14.0461,-2.230242
-10.84453,-19.60161
4.838218,-.8691004
2.532847,5.91826
-18.5676,2.802697
-.2592606,2.135827
-6.473361,-18.48016
9.007403,-.2231233
-19.12076,34.43353
15.34176,-31.31805
-7.309531,12.682
11.02012,21.29315
-6.215819,-27.29855
3.940496,6.203493
-1.108928,-14.22642
-8.632355,19.55819
1.93054,-18.08248
1.030975,-4.764018
-74.00353,-17.62907
7.483791,-57.95561
-84.92946,32.79073
-3.025513,-1.073652
22.18053,37.98037
57.87882,21.35418
3.528988,15.74552
-34.42167,-64.46556
15.87564,42.59734
-36.34684,-2.943373
46.97992,-8.425117
19.92289,-2.185699
-50.50327,3.086601
51.23702,1.54055
25.00436,2.34021
-5.585964,27.82831
-15.1192,-207.2352
28.14545,187.2144
-5.496237,5.202032
44.42991,6.622158
-94.89399,-9.091104
51.68414,8.857764
-58.57648,-.5980015
43.77065,-150.4258
.577781,146.3879
14.81789,16.54318
-1.966074,-10.62697
19.24814,17.41741
5.589104,47.88185
-32.95711,4.48443
-27.58467,-20.82149
38.8284,25.72743
23.53939,-37.68385
-.3913852,8.535629
-51.02072,-14.43752
67.40794,24.0783
-2.927492,1.174109
6.69305,-13.61536
28.22036,39.80103
-48.12463,18.03714
12.19945,-2.903172
15.54905,-24.36093
-12.36928,-.5946344
8.827431,-3.837526
-5.449808,-6.575917
-8.486933,9.441934
-10.15378,-33.27937
42.25133,24.6545
19.44016,1.09589
-2.033588,.0984224
-15.38329,15.59221
26.72311,-2.057844
-39.7366,-26.58703
1.631606,39.48316
-69.07772,-21.68097
103.0788,24.79634
-2.110577,-20.72846
-13.35513,-6.507188
-63.0378,19.57613
93.29214,-22.44353
-32.34304,6.478554
58.77758,-12.60375
-32.15077,12.30665
-1.676365,-10.37204
8.263348,7.240723
.9858753,11.78642
-.2433521,-.6631883
-5.218826,12.87118
-14.84407,-5.494748
32.22872,-2.092036
-23.96063,-21.86902
23.95609,10.11659
19.82601,11.52386
-11.04962,.8581345
-10.20693,-8.88247
-15.51748,.5809096
26.20983,-9.714739
4.721654,13.22023
3.817102,3.22649
6.663456,29.26735
-14.25686,-38.57
22.79929,21.01713
-3.800536,-22.39696
-14.48276,-4.016561
-7.376503,-6.178217
19.43629,13.6065
78.92953,10.36852
47.24587,-12.79381
13.2102,-.7996236
36.31624,-4.730521
11.358,-5.054434
3.16555,-3.712677
-6.29285,-3.165258
-4.394911,-3.117131
2.018514,.7921914
-16.5773,67.18403
.0568478,-.6994492
.17307,-50.56063
-3.988322,14.4542
-4.132985,-4.265696
2.81918,18.56648
-5.489847,24.98509
-2.85996,-13.20735
.3182074,-16.19378
-3.754946,-33.92808
-.255625,31.20141
-6.969947,-50.06285
-1.614544,73.24928
.0590308,-41.01037
7.902047,53.30223
-7.386653,-26.63511
-4.667712,8.598288
-93.72815,3.992713
29.18891,-59.97632
-3.521732,-26.73681
.8464451,-15.76058
-12.28173,12.00207
-.8673056,31.07895
.8434378,-29.84642
-14.20152,-19.97565
27.77286,7.920916
15.87177,2.442611
21.04918,-2.497521
-.0507238,-3.849891
-24.17738,-6.186704
21.36336,11.17569
12.31081,8.12655
-4.9357,-5.894274
-4.610084,-1.991807
4.029092,2.210696
10.25246,-2.184584
2.67997,-.5573516
-5.622489,14.48849
.377454,-1.406135
2.683266,-8.911001
7.029175,10.47478
-27.70349,-7.632884
-39.00154,6.619247
80.17814,-.3448805
12.89535,2.393332
-.6840749,-.1259844
-1.297683,-4.769237
-43.21199,2.820131
15.18428,5.277438
